[{"model": "frontend.video", "pk": 2, "fields": {"title": "MuseoNapoli", "keywords": "Museo, Statue", "description": "tour al museo di Napoli", "duration": "1:18", "created": "2019-06-13T14:39:54.650Z", "uri": "videoferracani/museoNapoli.mp4"}}, {"model": "frontend.video", "pk": 3, "fields": {"title": "Pompei", "keywords": "Rovine, Citt\u00e0", "description": "visita alla bellissima citt\u00e0 sepolta di Pompei", "duration": "2:24", "created": "2019-06-13T14:39:54.650Z", "uri": "videoferracani/Pompei.mp4"}}, {"model": "frontend.video", "pk": 4, "fields": {"title": "MuseoEgizio", "keywords": "Museo, Sarcofago", "description": "Notte al museo Egizio", "duration": "1:07", "created": "2019-06-13T14:39:54.650Z", "uri": "videoferracani/museoEgizio.mp4"}}, {"model": "frontend.video", "pk": 5, "fields": {"title": "GalleriaEstense", "keywords": "Esposizione, Opere", "description": "Video sulla bellissima Galleria Estense", "duration": "0:43", "created": "2019-06-13T14:39:54.650Z", "uri": "videoferracani/galleriaEstense.mp4"}}, {"model": "frontend.video", "pk": 6, "fields": {"title": "MuseiVaticani", "keywords": "Museo, Papa", "description": "Pellegrinaggio ai musei Vaticani", "duration": "2:54", "created": "2019-06-13T14:39:54.650Z", "uri": "videoferracani/Museivaticani.mp4"}}, {"model": "frontend.video", "pk": 7, "fields": {"title": "MuseoFerrari", "keywords": "Motori, Museo, Enzo", "description": "gita al museo ferrari", "duration": "3:13", "created": "2019-06-13T14:39:54.650Z", "uri": "videoferracani/museoFerrari.mp4"}}, {"model": "frontend.video", "pk": 8, "fields": {"title": "MuseoRomanticismo", "keywords": "Museo", "description": "tour al museo del romanticismo", "duration": "1:01", "created": "2019-06-13T14:39:54.650Z", "uri": "videoferracani/museoRomanticismo.mp4"}}, {"model": "frontend.video", "pk": 9, "fields": {"title": "PiazzaVaticano", "keywords": "Piazza, Papa", "description": "Gita in piazza vaticano", "duration": "1:59", "created": "2019-06-13T14:39:54.650Z", "uri": "videoferracani/piazzaVaticano.mp4"}}, {"model": "frontend.video", "pk": 10, "fields": {"title": "Superquark2", "keywords": "Documentario, Villa", "description": "Video di Alberto Angela del programma di rai1 Superquark", "duration": "3:10", "created": "2019-06-13T14:39:54.650Z", "uri": "videoferracani/superquark2.mp4"}}, {"model": "frontend.video", "pk": 11, "fields": {"title": "Superquark1", "keywords": "Documentario, Museo", "description": "Video di Alberto Angela del programmadi rai1 Superquark", "duration": "3:14", "created": "2019-06-13T14:39:54.650Z", "uri": "videoferracani/superquark1.mp4"}}, {"model": "frontend.video", "pk": 12, "fields": {"title": "earth", "keywords": "test", "description": "test video", "duration": "30", "created": "2019-09-11T15:04:48.046Z", "uri": "videoferracani/earth.mp4"}}, {"model": "frontend.video", "pk": 13, "fields": {"title": "earth", "keywords": "test", "description": "test video earth", "duration": "30", "created": "2019-09-11T15:20:44.176Z", "uri": "frontend/earth.mp4"}}, {"model": "frontend.video", "pk": 14, "fields": {"title": "cartoon", "keywords": "test, cartoon", "description": "test", "duration": "60", "created": "2019-09-24T09:10:15.053Z", "uri": "videoferracani/big_buck_bunny.mp4"}}, {"model": "frontend.shot", "pk": 2, "fields": {"video": 11, "title": "Superquark1_shot2", "thumbnail": "videoferracani/Superquark1_shot2.mp4_thumb.jpg", "arousal_avg": null, "valence_avg": null, "uri": "videoferracani/Superquark1_shot2.mp4", "processed": false}}, {"model": "frontend.shot", "pk": 3, "fields": {"video": 11, "title": "Superquark1_shot3", "thumbnail": "videoferracani/Superquark1_shot3.mp4_thumb.jpg", "arousal_avg": 0, "valence_avg": 0, "uri": "videoferracani/Superquark1_shot3.mp4", "processed": false}}, {"model": "frontend.shot", "pk": 4, "fields": {"video": 10, "title": "Superquark2_shot1", "thumbnail": "videoferracani/Superquark2_shot1.mp4_thumb.jpg", "arousal_avg": 0, "valence_avg": 0, "uri": "videoferracani/Superquark2_shot1.mp4", "processed": false}}, {"model": "frontend.shot", "pk": 6, "fields": {"video": 10, "title": "Superquark2_shot3", "thumbnail": "videoferracani/Superquark2_shot3.mp4_thumb.jpg", "arousal_avg": 1, "valence_avg": 0, "uri": "videoferracani/Superquark2_shot3.mp4", "processed": false}}, {"model": "frontend.shot", "pk": 7, "fields": {"video": 9, "title": "PiazzaVaticano_shot1", "thumbnail": "videoferracani/PiazzaVaticano_shot1.mp4_thumb.jpg", "arousal_avg": 1, "valence_avg": 0, "uri": "videoferracani/PiazzaVaticano_shot1.mp4", "processed": false}}, {"model": "frontend.shot", "pk": 8, "fields": {"video": 9, "title": "PiazzaVaticano_shot2", "thumbnail": "videoferracani/PiazzaVaticano_shot2.mp4_thumb.jpg", "arousal_avg": 1, "valence_avg": 0, "uri": "videoferracani/PiazzaVaticano_shot2.mp4", "processed": false}}, {"model": "frontend.shot", "pk": 9, "fields": {"video": 9, "title": "PiazzaVaticano_shot3", "thumbnail": "videoferracani/PiazzaVaticano_shot3.mp4_thumb.jpg", "arousal_avg": 1, "valence_avg": 1, "uri": "videoferracani/PiazzaVaticano_shot3.mp4", "processed": false}}, {"model": "frontend.shot", "pk": 10, "fields": {"video": 8, "title": "MuseoRomanticismo_shot1", "thumbnail": "videoferracani/MuseoRomanticismo_shot1.mp4_thumb.jpg", "arousal_avg": 0, "valence_avg": 1, "uri": "videoferracani/museoRomanticismo_shot1.mp4", "processed": false}}, {"model": "frontend.shot", "pk": 11, "fields": {"video": 8, "title": "MuseoRomanticismo_shot2", "thumbnail": "videoferracani/MuseoRomanticismo_shot2.mp4_thumb.jpg", "arousal_avg": 0, "valence_avg": 1, "uri": "videoferracani/museoRomanticismo_shot2.mp4", "processed": false}}, {"model": "frontend.shot", "pk": 12, "fields": {"video": 8, "title": "MuseoRomanticismo_shot3", "thumbnail": "videoferracani/MuseoRomanticismo_shot3.mp4_thumb.jpg", "arousal_avg": 0, "valence_avg": 1, "uri": "videoferracani/museoRomanticismo_shot3.mp4", "processed": false}}, {"model": "frontend.shot", "pk": 13, "fields": {"video": 7, "title": "MuseoFerrari_shot1", "thumbnail": "videoferracani/MuseoFerrari_shot1.mp4_thumb.jpg", "arousal_avg": 0, "valence_avg": 1, "uri": "videoferracani/museoFerrari_shot1.mp4", "processed": false}}, {"model": "frontend.shot", "pk": 14, "fields": {"video": 7, "title": "MuseoFerrari_shot2", "thumbnail": "videoferracani/MuseoFerrari_shot2.mp4_thumb.jpg", "arousal_avg": 0, "valence_avg": 0, "uri": "videoferracani/museoFerrari_shot2.mp4", "processed": false}}, {"model": "frontend.shot", "pk": 15, "fields": {"video": 7, "title": "MuseoFerrari_shot3", "thumbnail": "videoferracani/MuseoFerrari_shot3.mp4_thumb.jpg", "arousal_avg": 1, "valence_avg": 0, "uri": "videoferracani/museoFerrari_shot3.mp4", "processed": false}}, {"model": "frontend.shot", "pk": 16, "fields": {"video": 6, "title": "MuseiVaticani_shot1", "thumbnail": "videoferracani/MuseiVaticani_shot1.mp4_thumb.jpg", "arousal_avg": 1, "valence_avg": 0, "uri": "videoferracani/museiVaticani_shot1.mp4", "processed": false}}, {"model": "frontend.shot", "pk": 17, "fields": {"video": 6, "title": "MuseiVaticani_shot2", "thumbnail": "videoferracani/MuseiVaticani_shot2.mp4_thumb.jpg", "arousal_avg": 1, "valence_avg": 1, "uri": "videoferracani/museiVaticani_shot2.mp4", "processed": false}}, {"model": "frontend.shot", "pk": 18, "fields": {"video": 6, "title": "MuseiVaticani_shot3", "thumbnail": "videoferracani/MuseiVaticani_shot3.mp4_thumb.jpg", "arousal_avg": 1, "valence_avg": 1, "uri": "videoferracani/museiVaticani_shot3.mp4", "processed": false}}, {"model": "frontend.shot", "pk": 19, "fields": {"video": 5, "title": "GalleriaEstense_shot1", "thumbnail": "videoferracani/GalleriaEstense_shot1.mp4_thumb.jpg", "arousal_avg": 0, "valence_avg": 1, "uri": "videoferracani/GalleriaEstense_shot1.mp4", "processed": false}}, {"model": "frontend.shot", "pk": 20, "fields": {"video": 5, "title": "GalleriaEstense_shot2", "thumbnail": "videoferracani/GalleriaEstense_shot2.mp4_thumb.jpg", "arousal_avg": 1, "valence_avg": 1, "uri": "videoferracani/GalleriaEstense_shot2.mp4", "processed": false}}, {"model": "frontend.shot", "pk": 21, "fields": {"video": 5, "title": "GalleriaEstense_shot3", "thumbnail": "videoferracani/GalleriaEstense_shot3.mp4_thumb.jpg", "arousal_avg": 0, "valence_avg": 1, "uri": "videoferracani/GalleriaEstense_shot3.mp4", "processed": false}}, {"model": "frontend.shot", "pk": 22, "fields": {"video": 4, "title": "MuseoEgizio_shot1", "thumbnail": "videoferracani/MuseoEgizio_shot1.mp4_thumb.jpg", "arousal_avg": 0, "valence_avg": 1, "uri": "videoferracani/MuseoEgizio_shot1.mp4", "processed": false}}, {"model": "frontend.shot", "pk": 23, "fields": {"video": 4, "title": "MuseoEgizio_shot2", "thumbnail": "videoferracani/MuseoEgizio_shot2.mp4_thumb.jpg", "arousal_avg": 0, "valence_avg": 0, "uri": "videoferracani/MuseoEgizio_shot2.mp4", "processed": false}}, {"model": "frontend.shot", "pk": 24, "fields": {"video": 4, "title": "MuseoEgizio_shot3", "thumbnail": "videoferracani/MuseoEgizio_shot3.mp4_thumb.jpg", "arousal_avg": 1, "valence_avg": 0, "uri": "videoferracani/MuseoEgizio_shot3.mp4", "processed": false}}, {"model": "frontend.shot", "pk": 25, "fields": {"video": 3, "title": "Pompei_shot1", "thumbnail": "videoferracani/Pompei_shot1.mp4_thumb.jpg", "arousal_avg": 1, "valence_avg": 0, "uri": "videoferracani/Pompei_shot1.mp4", "processed": false}}, {"model": "frontend.shot", "pk": 26, "fields": {"video": 3, "title": "Pompei_shot2", "thumbnail": "videoferracani/Pompei_shot2.mp4_thumb.jpg", "arousal_avg": 1, "valence_avg": 1, "uri": "videoferracani/Pompei_shot2.mp4", "processed": false}}, {"model": "frontend.shot", "pk": 27, "fields": {"video": 3, "title": "Pompei_shot3", "thumbnail": "videoferracani/Pompei_shot3.mp4_thumb.jpg", "arousal_avg": 1, "valence_avg": 1, "uri": "videoferracani/Pompei_shot3.mp4", "processed": false}}, {"model": "frontend.shot", "pk": 28, "fields": {"video": 2, "title": "MuseoNapoli_shot1", "thumbnail": "videoferracani/MuseoNapoli_shot1.mp4_thumb.jpg", "arousal_avg": -1, "valence_avg": -1, "uri": "videoferracani/MuseoNapoli_shot1.mp4", "processed": false}}, {"model": "frontend.shot", "pk": 29, "fields": {"video": 2, "title": "MuseoNapoli_shot2", "thumbnail": "videoferracani/MuseoNapoli_shot2.mp4_thumb.jpg", "arousal_avg": 1, "valence_avg": 1, "uri": "videoferracani/MuseoNapoli_shot2.mp4", "processed": false}}, {"model": "frontend.shot", "pk": 30, "fields": {"video": 2, "title": "MuseoNapoli_shot3", "thumbnail": "videoferracani/MuseoNapoli_shot3.mp4_thumb.jpg", "arousal_avg": 0, "valence_avg": 1, "uri": "videoferracani/MuseoNapoli_shot3.mp4", "processed": false}}, {"model": "frontend.shot", "pk": 33, "fields": {"video": 13, "title": "earth", "thumbnail": "", "arousal_avg": 1, "valence_avg": 0, "uri": "videoferracani/earth.mp4", "processed": false}}, {"model": "frontend.annotation", "pk": 79, "fields": {"shot": 3, "startAnnotation": "0", "endAnnotation": "", "arousal": 10, "valence": 10, "user": null}}, {"model": "frontend.annotation", "pk": 80, "fields": {"shot": 33, "startAnnotation": "0", "endAnnotation": "", "arousal": 10, "valence": 5, "user": null}}, {"model": "frontend.annotation", "pk": 81, "fields": {"shot": 3, "startAnnotation": "0", "endAnnotation": "0", "arousal": 0, "valence": 0, "user": null}}]