[{"model": "frontend.video", "pk": 2, "fields": {"title": "MuseoNapoli", "keywords": "Museo, Statue", "description": "tour al museo di Napoli", "duration": "1:18", "created": "2019-06-13T14:39:54.650Z", "uri": "videoferracani/museoNapoli.mp4", "web_uri": null, "downloaded": true}}, {"model": "frontend.video", "pk": 3, "fields": {"title": "Pompei", "keywords": "Rovine, Citt\u00e0", "description": "visita alla bellissima citt\u00e0 sepolta di Pompei", "duration": "2:24", "created": "2019-06-13T14:39:54.650Z", "uri": "videoferracani/Pompei.mp4", "web_uri": null, "downloaded": true}}, {"model": "frontend.video", "pk": 4, "fields": {"title": "MuseoEgizio", "keywords": "Museo, Sarcofago", "description": "Notte al museo Egizio", "duration": "1:07", "created": "2019-06-13T14:39:54.650Z", "uri": "videoferracani/museoEgizio.mp4", "web_uri": null, "downloaded": true}}, {"model": "frontend.video", "pk": 5, "fields": {"title": "GalleriaEstense", "keywords": "Esposizione, Opere", "description": "Video sulla bellissima Galleria Estense", "duration": "0:43", "created": "2019-06-13T14:39:54.650Z", "uri": "videoferracani/galleriaEstense.mp4", "web_uri": null, "downloaded": true}}, {"model": "frontend.video", "pk": 6, "fields": {"title": "MuseiVaticani", "keywords": "Museo, Papa", "description": "Pellegrinaggio ai musei Vaticani", "duration": "2:54", "created": "2019-06-13T14:39:54.650Z", "uri": "videoferracani/Museivaticani.mp4", "web_uri": null, "downloaded": true}}, {"model": "frontend.video", "pk": 7, "fields": {"title": "MuseoFerrari", "keywords": "Motori, Museo, Enzo", "description": "gita al museo ferrari", "duration": "3:13", "created": "2019-06-13T14:39:54.650Z", "uri": "videoferracani/museoFerrari.mp4", "web_uri": null, "downloaded": true}}, {"model": "frontend.video", "pk": 8, "fields": {"title": "MuseoRomanticismo", "keywords": "Museo", "description": "tour al museo del romanticismo", "duration": "1:01", "created": "2019-06-13T14:39:54.650Z", "uri": "videoferracani/museoRomanticismo.mp4", "web_uri": null, "downloaded": true}}, {"model": "frontend.video", "pk": 9, "fields": {"title": "PiazzaVaticano", "keywords": "Piazza, Papa", "description": "Gita in piazza vaticano", "duration": "1:59", "created": "2019-06-13T14:39:54.650Z", "uri": "videoferracani/piazzaVaticano.mp4", "web_uri": null, "downloaded": true}}, {"model": "frontend.video", "pk": 10, "fields": {"title": "Superquark2", "keywords": "Documentario, Villa", "description": "Video di Alberto Angela del programma di rai1 Superquark", "duration": "3:10", "created": "2019-06-13T14:39:54.650Z", "uri": "videoferracani/superquark2.mp4", "web_uri": null, "downloaded": true}}, {"model": "frontend.video", "pk": 11, "fields": {"title": "Superquark1", "keywords": "Documentario, Museo", "description": "Video di Alberto Angela del programmadi rai1 Superquark", "duration": "3:14", "created": "2019-06-13T14:39:54.650Z", "uri": "videoferracani/superquark1.mp4", "web_uri": null, "downloaded": true}}, {"model": "frontend.video", "pk": 41, "fields": {"title": "Ponte Vecchio", "keywords": "firenze", "description": "Firenze - Ponte Vecchio", "duration": "15", "created": "2019-11-09T10:14:46.286Z", "uri": "videoferracani/firenze_pontevecchio.mp4", "web_uri": null, "downloaded": true}}, {"model": "frontend.video", "pk": 42, "fields": {"title": "Duomo", "keywords": "firenze, duomo", "description": "Firenze Duomo", "duration": "15", "created": "2019-11-09T11:46:06.398Z", "uri": "videoferracani/firenze_duomo.mp4", "web_uri": null, "downloaded": true}}, {"model": "frontend.shot", "pk": 2, "fields": {"video": 11, "title": "Superquark1_shot2", "thumbnail": "videoferracani/Superquark1_shot2.jpg", "arousal_avg": 1, "valence_avg": 0, "uri": "videoferracani/Superquark1_shot2.mp4", "keywords": "Rai, Documentario", "processed": false, "web_uri": "", "downloaded": true, "indoor": true, "daytime": null, "colourfulness": "0.20", "nohappyfaces": true, "pixelmotion": "0.30", "duration": "15", "loudness": "0.50", "dialogue": true}}, {"model": "frontend.shot", "pk": 3, "fields": {"video": 11, "title": "Superquark1_shot3", "thumbnail": "videoferracani/Superquark1_shot3.jpg", "arousal_avg": 0, "valence_avg": 1, "uri": "videoferracani/Superquark1_shot3.mp4", "keywords": "Rai, Documentario", "processed": false, "web_uri": "", "downloaded": true, "indoor": true, "daytime": 0, "colourfulness": "0.20", "nohappyfaces": false, "pixelmotion": "0.30", "duration": "15", "loudness": "0.50", "dialogue": true}}, {"model": "frontend.shot", "pk": 7, "fields": {"video": 9, "title": "PiazzaVaticano_shot1", "thumbnail": "videoferracani/PiazzaVaticano_shot1.jpg", "arousal_avg": 1, "valence_avg": 1, "uri": "videoferracani/PiazzaVaticano_shot1.mp4", "keywords": "Roma, Italia, Vaticano", "processed": false, "web_uri": "", "downloaded": true, "indoor": false, "daytime": 0, "colourfulness": "0.40", "nohappyfaces": false, "pixelmotion": "0.50", "duration": "15", "loudness": "0.60", "dialogue": false}}, {"model": "frontend.shot", "pk": 8, "fields": {"video": 9, "title": "PiazzaVaticano_shot2", "thumbnail": "videoferracani/PiazzaVaticano_shot2.jpg", "arousal_avg": 1, "valence_avg": 1, "uri": "videoferracani/PiazzaVaticano_shot2.mp4", "keywords": "Roma, Italia, Vaticano", "processed": false, "web_uri": "", "downloaded": true, "indoor": false, "daytime": 0, "colourfulness": "0.40", "nohappyfaces": false, "pixelmotion": "0.50", "duration": "15", "loudness": "0.60", "dialogue": false}}, {"model": "frontend.shot", "pk": 9, "fields": {"video": 9, "title": "PiazzaVaticano_shot3", "thumbnail": "videoferracani/PiazzaVaticano_shot3.jpg", "arousal_avg": 0, "valence_avg": 1, "uri": "videoferracani/PiazzaVaticano_shot3.mp4", "keywords": null, "processed": false, "web_uri": "", "downloaded": true, "indoor": false, "daytime": 0, "colourfulness": "0.40", "nohappyfaces": true, "pixelmotion": "0.50", "duration": "15", "loudness": "0.60", "dialogue": false}}, {"model": "frontend.shot", "pk": 10, "fields": {"video": 8, "title": "MuseoRomanticismo_shot1", "thumbnail": "videoferracani/museoRomanticismo_shot1.jpg", "arousal_avg": 0, "valence_avg": 0, "uri": "videoferracani/museoRomanticismo_shot1.mp4", "keywords": null, "processed": false, "web_uri": "", "downloaded": true, "indoor": true, "daytime": 0, "colourfulness": "0.50", "nohappyfaces": true, "pixelmotion": "0.70", "duration": "15", "loudness": "0.00", "dialogue": false}}, {"model": "frontend.shot", "pk": 11, "fields": {"video": 8, "title": "MuseoRomanticismo_shot2", "thumbnail": "videoferracani/museoRomanticismo_shot2.jpg", "arousal_avg": 0, "valence_avg": 0, "uri": "videoferracani/museoRomanticismo_shot2.mp4", "keywords": null, "processed": false, "web_uri": "", "downloaded": true, "indoor": true, "daytime": null, "colourfulness": "0.50", "nohappyfaces": true, "pixelmotion": "0.70", "duration": "15", "loudness": "0.00", "dialogue": false}}, {"model": "frontend.shot", "pk": 12, "fields": {"video": 8, "title": "MuseoRomanticismo_shot3", "thumbnail": "videoferracani/museoRomanticismo_shot3.jpg", "arousal_avg": 0, "valence_avg": 0, "uri": "videoferracani/museoRomanticismo_shot3.mp4", "keywords": "Museo, Italia, Romanticismo", "processed": false, "web_uri": "", "downloaded": true, "indoor": true, "daytime": null, "colourfulness": "0.50", "nohappyfaces": true, "pixelmotion": "0.60", "duration": "15", "loudness": "0.00", "dialogue": false}}, {"model": "frontend.shot", "pk": 13, "fields": {"video": 7, "title": "MuseoFerrari_shot1", "thumbnail": "videoferracani/museoFerrari_shot1.jpg", "arousal_avg": 1, "valence_avg": 1, "uri": "videoferracani/museoFerrari_shot1.mp4", "keywords": "Museo, Italia, Ferrari", "processed": false, "web_uri": "", "downloaded": true, "indoor": true, "daytime": 0, "colourfulness": "0.60", "nohappyfaces": true, "pixelmotion": "0.40", "duration": "15", "loudness": "0.60", "dialogue": false}}, {"model": "frontend.shot", "pk": 14, "fields": {"video": 7, "title": "MuseoFerrari_shot2", "thumbnail": "videoferracani/museoFerrari_shot2.jpg", "arousal_avg": 1, "valence_avg": 1, "uri": "videoferracani/museoFerrari_shot2.mp4", "keywords": "Museo, Italia, Ferrari", "processed": false, "web_uri": "", "downloaded": true, "indoor": true, "daytime": 0, "colourfulness": "0.60", "nohappyfaces": true, "pixelmotion": "0.30", "duration": "15", "loudness": "0.60", "dialogue": false}}, {"model": "frontend.shot", "pk": 15, "fields": {"video": 7, "title": "MuseoFerrari_shot3", "thumbnail": "videoferracani/museoFerrari_shot3.jpg", "arousal_avg": 1, "valence_avg": 1, "uri": "videoferracani/museoFerrari_shot3.mp4", "keywords": "Museo, Italia, Ferrari", "processed": false, "web_uri": "", "downloaded": true, "indoor": true, "daytime": 0, "colourfulness": "0.60", "nohappyfaces": true, "pixelmotion": "0.30", "duration": "15", "loudness": "0.60", "dialogue": false}}, {"model": "frontend.shot", "pk": 19, "fields": {"video": 5, "title": "GalleriaEstense_shot1", "thumbnail": "videoferracani/GalleriaEstense_shot1.jpg", "arousal_avg": null, "valence_avg": null, "uri": "videoferracani/GalleriaEstense_shot1.mp4", "keywords": null, "processed": false, "web_uri": "", "downloaded": true, "indoor": true, "daytime": 0, "colourfulness": "0.50", "nohappyfaces": true, "pixelmotion": "0.30", "duration": "15", "loudness": "0.40", "dialogue": false}}, {"model": "frontend.shot", "pk": 20, "fields": {"video": 5, "title": "GalleriaEstense_shot2", "thumbnail": "videoferracani/GalleriaEstense_shot2.jpg", "arousal_avg": null, "valence_avg": null, "uri": "videoferracani/GalleriaEstense_shot2.mp4", "keywords": null, "processed": false, "web_uri": "", "downloaded": true, "indoor": true, "daytime": 0, "colourfulness": "0.50", "nohappyfaces": true, "pixelmotion": "0.30", "duration": "15", "loudness": "0.40", "dialogue": false}}, {"model": "frontend.shot", "pk": 21, "fields": {"video": 5, "title": "GalleriaEstense_shot3", "thumbnail": "videoferracani/GalleriaEstense_shot3.jpg", "arousal_avg": null, "valence_avg": null, "uri": "videoferracani/GalleriaEstense_shot3.mp4", "keywords": "Galleria, Museo", "processed": false, "web_uri": "", "downloaded": true, "indoor": true, "daytime": 0, "colourfulness": "0.50", "nohappyfaces": true, "pixelmotion": "0.00", "duration": "15", "loudness": "0.40", "dialogue": false}}, {"model": "frontend.shot", "pk": 22, "fields": {"video": 4, "title": "MuseoEgizio_shot1", "thumbnail": "videoferracani/MuseoEgizio_shot1.jpg", "arousal_avg": null, "valence_avg": null, "uri": "videoferracani/MuseoEgizio_shot1.mp4", "keywords": "Museo, Egitto", "processed": false, "web_uri": "", "downloaded": true, "indoor": true, "daytime": 0, "colourfulness": "0.20", "nohappyfaces": true, "pixelmotion": "0.00", "duration": "15", "loudness": "0.60", "dialogue": false}}, {"model": "frontend.shot", "pk": 23, "fields": {"video": 4, "title": "MuseoEgizio_shot2", "thumbnail": "videoferracani/MuseoEgizio_shot2.jpg", "arousal_avg": null, "valence_avg": null, "uri": "videoferracani/MuseoEgizio_shot2.mp4", "keywords": null, "processed": false, "web_uri": "", "downloaded": true, "indoor": true, "daytime": 0, "colourfulness": "0.40", "nohappyfaces": true, "pixelmotion": "0.70", "duration": "15", "loudness": "0.60", "dialogue": false}}, {"model": "frontend.shot", "pk": 24, "fields": {"video": 4, "title": "MuseoEgizio_shot3", "thumbnail": "videoferracani/MuseoEgizio_shot3.jpg", "arousal_avg": null, "valence_avg": null, "uri": "videoferracani/MuseoEgizio_shot3.mp4", "keywords": null, "processed": false, "web_uri": "", "downloaded": true, "indoor": true, "daytime": 0, "colourfulness": "0.50", "nohappyfaces": true, "pixelmotion": "0.80", "duration": "15", "loudness": "0.70", "dialogue": false}}, {"model": "frontend.shot", "pk": 25, "fields": {"video": 3, "title": "Pompei_shot1", "thumbnail": "videoferracani/Pompei_shot1.jpg", "arousal_avg": -1, "valence_avg": -1, "uri": "videoferracani/Pompei_shot1.mp4", "keywords": "Pompei", "processed": false, "web_uri": "", "downloaded": true, "indoor": false, "daytime": 0, "colourfulness": "0.40", "nohappyfaces": true, "pixelmotion": "0.50", "duration": "15", "loudness": "0.40", "dialogue": true}}, {"model": "frontend.shot", "pk": 26, "fields": {"video": 3, "title": "Pompei_shot2", "thumbnail": "videoferracani/Pompei_shot2.jpg", "arousal_avg": -1, "valence_avg": 0, "uri": "videoferracani/Pompei_shot2.mp4", "keywords": null, "processed": false, "web_uri": "", "downloaded": true, "indoor": false, "daytime": 0, "colourfulness": "0.50", "nohappyfaces": true, "pixelmotion": "0.40", "duration": "15", "loudness": "0.40", "dialogue": true}}, {"model": "frontend.shot", "pk": 27, "fields": {"video": 3, "title": "Pompei_shot3", "thumbnail": "videoferracani/Pompei_shot3.jpg", "arousal_avg": -1, "valence_avg": 0, "uri": "videoferracani/Pompei_shot3.mp4", "keywords": null, "processed": false, "web_uri": "", "downloaded": true, "indoor": false, "daytime": 0, "colourfulness": "0.50", "nohappyfaces": true, "pixelmotion": "0.40", "duration": "15", "loudness": "0.60", "dialogue": true}}, {"model": "frontend.shot", "pk": 28, "fields": {"video": 2, "title": "MuseoNapoli_shot1", "thumbnail": "videoferracani/MuseoNapoli_shot1.jpg", "arousal_avg": null, "valence_avg": null, "uri": "videoferracani/MuseoNapoli_shot1.mp4", "keywords": null, "processed": false, "web_uri": "", "downloaded": true, "indoor": true, "daytime": 0, "colourfulness": "0.40", "nohappyfaces": true, "pixelmotion": "0.50", "duration": "15", "loudness": "0.40", "dialogue": false}}, {"model": "frontend.shot", "pk": 29, "fields": {"video": 2, "title": "MuseoNapoli_shot2", "thumbnail": "videoferracani/MuseoNapoli_shot2.jpg", "arousal_avg": 0, "valence_avg": 0, "uri": "videoferracani/MuseoNapoli_shot2.mp4", "keywords": "Museo, Napoli, Italia", "processed": false, "web_uri": "", "downloaded": true, "indoor": true, "daytime": 0, "colourfulness": "0.40", "nohappyfaces": true, "pixelmotion": "0.50", "duration": "15", "loudness": "0.40", "dialogue": false}}, {"model": "frontend.shot", "pk": 30, "fields": {"video": 2, "title": "MuseoNapoli_shot3", "thumbnail": "videoferracani/MuseoNapoli_shot3.jpg", "arousal_avg": 0, "valence_avg": 0, "uri": "videoferracani/MuseoNapoli_shot3.mp4", "keywords": null, "processed": false, "web_uri": "", "downloaded": true, "indoor": true, "daytime": 0, "colourfulness": "0.00", "nohappyfaces": true, "pixelmotion": "0.40", "duration": "15", "loudness": "0.15", "dialogue": false}}, {"model": "frontend.shot", "pk": 34, "fields": {"video": 41, "title": "Ponte Vecchio", "thumbnail": "videoferracani/firenze_pontevecchio.jpg", "arousal_avg": null, "valence_avg": null, "uri": "videoferracani/firenze_pontevecchio.mp4", "keywords": "firenze", "processed": false, "web_uri": "", "downloaded": true, "indoor": false, "daytime": 0, "colourfulness": "0.50", "nohappyfaces": true, "pixelmotion": "0.30", "duration": "15", "loudness": "0.50", "dialogue": false}}, {"model": "frontend.shot", "pk": 35, "fields": {"video": 42, "title": "Duomo", "thumbnail": "videoferracani/firenze_duomo.jpg", "arousal_avg": null, "valence_avg": null, "uri": "videoferracani/firenze_duomo.mp4", "keywords": "firenze, duomo", "processed": false, "web_uri": null, "downloaded": true, "indoor": false, "daytime": null, "colourfulness": "0.00", "nohappyfaces": false, "pixelmotion": "0.00", "duration": "15", "loudness": "0.00", "dialogue": false}}, {"model": "frontend.annotation", "pk": 82, "fields": {"shot": 2, "startAnnotation": "0", "endAnnotation": "0", "arousal": 8, "valence": 2, "user": 5}}, {"model": "frontend.annotation", "pk": 83, "fields": {"shot": 2, "startAnnotation": "2.492163", "endAnnotation": "7.629513", "arousal": 5, "valence": 5, "user": 5}}, {"model": "frontend.annotation", "pk": 117, "fields": {"shot": 2, "startAnnotation": "0", "endAnnotation": "0", "arousal": 10, "valence": 10, "user": 1}}, {"model": "frontend.annotation", "pk": 118, "fields": {"shot": 3, "startAnnotation": "0", "endAnnotation": "0", "arousal": 3, "valence": 6, "user": 1}}, {"model": "frontend.annotation", "pk": 141, "fields": {"shot": 8, "startAnnotation": "0", "endAnnotation": "0", "arousal": 8, "valence": 7, "user": 1}}, {"model": "frontend.annotation", "pk": 142, "fields": {"shot": 7, "startAnnotation": "0", "endAnnotation": "0", "arousal": 8, "valence": 7, "user": 1}}, {"model": "frontend.annotation", "pk": 143, "fields": {"shot": 9, "startAnnotation": "0", "endAnnotation": "0", "arousal": 6, "valence": 8, "user": 1}}, {"model": "frontend.annotation", "pk": 144, "fields": {"shot": 10, "startAnnotation": "0", "endAnnotation": "0", "arousal": 4, "valence": 4, "user": 1}}, {"model": "frontend.annotation", "pk": 145, "fields": {"shot": 11, "startAnnotation": "0", "endAnnotation": "0", "arousal": 4, "valence": 5, "user": 1}}, {"model": "frontend.annotation", "pk": 146, "fields": {"shot": 12, "startAnnotation": "0", "endAnnotation": "0", "arousal": 4, "valence": 5, "user": 1}}, {"model": "frontend.annotation", "pk": 147, "fields": {"shot": 13, "startAnnotation": "0", "endAnnotation": "0", "arousal": 7, "valence": 8, "user": 1}}, {"model": "frontend.annotation", "pk": 148, "fields": {"shot": 14, "startAnnotation": "0", "endAnnotation": "0", "arousal": 7, "valence": 8, "user": 1}}, {"model": "frontend.annotation", "pk": 149, "fields": {"shot": 15, "startAnnotation": "0", "endAnnotation": "0", "arousal": 7, "valence": 8, "user": 1}}, {"model": "frontend.annotation", "pk": 150, "fields": {"shot": 25, "startAnnotation": "0", "endAnnotation": "0", "arousal": 1, "valence": 2, "user": 1}}, {"model": "frontend.annotation", "pk": 151, "fields": {"shot": 26, "startAnnotation": "0", "endAnnotation": "0", "arousal": 2, "valence": 4, "user": 1}}, {"model": "frontend.annotation", "pk": 152, "fields": {"shot": 27, "startAnnotation": "0", "endAnnotation": "0", "arousal": 3, "valence": 4, "user": 1}}, {"model": "frontend.annotation", "pk": 153, "fields": {"shot": 27, "startAnnotation": "0", "endAnnotation": "0", "arousal": 3, "valence": 4, "user": 1}}, {"model": "frontend.annotation", "pk": 154, "fields": {"shot": 30, "startAnnotation": "0", "endAnnotation": "0", "arousal": 6, "valence": 6, "user": 1}}, {"model": "frontend.annotation", "pk": 155, "fields": {"shot": 29, "startAnnotation": "0", "endAnnotation": "0", "arousal": 5, "valence": 6, "user": 1}}, {"model": "frontend.annotation", "pk": 156, "fields": {"shot": 3, "startAnnotation": "0", "endAnnotation": "0", "arousal": 7, "valence": 8, "user": 1}}, {"model": "frontend.annotation", "pk": 158, "fields": {"shot": 7, "startAnnotation": "2.00157", "endAnnotation": "5.43956", "arousal": 4, "valence": 4, "user": 1}}, {"model": "frontend.annotation", "pk": 180, "fields": {"shot": 34, "startAnnotation": "3.908948", "endAnnotation": "8.147567", "arousal": 6, "valence": 7, "user": 1}}]