[{"model": "contenttypes.contenttype", "pk": 1, "fields": {"app_label": "admin", "model": "logentry"}}, {"model": "contenttypes.contenttype", "pk": 2, "fields": {"app_label": "auth", "model": "group"}}, {"model": "contenttypes.contenttype", "pk": 3, "fields": {"app_label": "auth", "model": "permission"}}, {"model": "contenttypes.contenttype", "pk": 4, "fields": {"app_label": "auth", "model": "user"}}, {"model": "contenttypes.contenttype", "pk": 5, "fields": {"app_label": "contenttypes", "model": "contenttype"}}, {"model": "contenttypes.contenttype", "pk": 6, "fields": {"app_label": "sessions", "model": "session"}}, {"model": "contenttypes.contenttype", "pk": 7, "fields": {"app_label": "frontend", "model": "video"}}, {"model": "contenttypes.contenttype", "pk": 8, "fields": {"app_label": "frontend", "model": "shot"}}, {"model": "contenttypes.contenttype", "pk": 9, "fields": {"app_label": "frontend", "model": "annotation"}}, {"model": "contenttypes.contenttype", "pk": 10, "fields": {"app_label": "accounts", "model": "customuser"}}, {"model": "sessions.session", "pk": "03xnbg0qx1rd6ntpmp7o5kbzrg6rfylh", "fields": {"session_data": "ZTZhOGFjNmRkMGU2ZjlhZmMxMTk3NGZhN2I1ZThjNzJmZGM3YWI4NDp7Il9hdXRoX3VzZXJfaGFzaCI6ImY3NDEwN2U3MWUyYmIxMmE4ODhhNmJlNTliNTE5NmYwNTE1ZGM1MzgiLCJfYXV0aF91c2VyX2lkIjoiMSIsIl9hdXRoX3VzZXJfYmFja2VuZCI6ImRqYW5nby5jb250cmliLmF1dGguYmFja2VuZHMuTW9kZWxCYWNrZW5kIn0=", "expire_date": "2019-10-14T08:15:08.258Z"}}, {"model": "sessions.session", "pk": "0gxd93yw5mvdcae68xl9bycplb4uw1j7", "fields": {"session_data": "ZTZhOGFjNmRkMGU2ZjlhZmMxMTk3NGZhN2I1ZThjNzJmZGM3YWI4NDp7Il9hdXRoX3VzZXJfaGFzaCI6ImY3NDEwN2U3MWUyYmIxMmE4ODhhNmJlNTliNTE5NmYwNTE1ZGM1MzgiLCJfYXV0aF91c2VyX2lkIjoiMSIsIl9hdXRoX3VzZXJfYmFja2VuZCI6ImRqYW5nby5jb250cmliLmF1dGguYmFja2VuZHMuTW9kZWxCYWNrZW5kIn0=", "expire_date": "2019-10-17T19:56:32.523Z"}}, {"model": "sessions.session", "pk": "1n05vgmhryxe076md043pjzbos9z7o1a", "fields": {"session_data": "N2IyYTY4MjIyYjAyNWRlOWMyMGNhYjU4YTNlNTc1YmVhNGEzOTFmZjp7Il9hdXRoX3VzZXJfaWQiOiIxIiwiX2F1dGhfdXNlcl9iYWNrZW5kIjoiZGphbmdvLmNvbnRyaWIuYXV0aC5iYWNrZW5kcy5Nb2RlbEJhY2tlbmQiLCJfYXV0aF91c2VyX2hhc2giOiJmNzQxMDdlNzFlMmJiMTJhODg4YTZiZTU5YjUxOTZmMDUxNWRjNTM4In0=", "expire_date": "2019-10-19T13:51:31.590Z"}}, {"model": "sessions.session", "pk": "1wp0z0wpxugh49vfyj6njuasw6g953ju", "fields": {"session_data": "ZDc3ZDRiMTQzMGNlODM0MDIyZDA5Mjc4MjNjZjRmNmZmMjI5MGU4Mjp7Il9hdXRoX3VzZXJfYmFja2VuZCI6ImRqYW5nby5jb250cmliLmF1dGguYmFja2VuZHMuTW9kZWxCYWNrZW5kIiwiX2F1dGhfdXNlcl9pZCI6IjUiLCJfYXV0aF91c2VyX2hhc2giOiJlNzI4MjUwZTUxZTZlM2JlN2E1M2U4ZGE1ZWQyNDY0ZWU1NjU5MjM0In0=", "expire_date": "2019-10-18T17:41:24.123Z"}}, {"model": "sessions.session", "pk": "23wdlltxoa6odrrhxi4u1g35hluj3t8x", "fields": {"session_data": "YzJkMmE1NzY3NWQ2NzdjMjg1NjBmM2YzZjdhODJhYWEyMjZiYTk3OTp7Il9hdXRoX3VzZXJfaGFzaCI6ImY2NDc3Yzk4NDdmMTkzYmI4NGZiOWRkNDdiZDQ4YWVlMjRmZjczMDUiLCJfYXV0aF91c2VyX2JhY2tlbmQiOiJkamFuZ28uY29udHJpYi5hdXRoLmJhY2tlbmRzLk1vZGVsQmFja2VuZCIsIl9hdXRoX3VzZXJfaWQiOiIxIn0=", "expire_date": "2019-07-24T07:40:07.509Z"}}, {"model": "sessions.session", "pk": "38w0tc9v0h217fy84kl1cfu85ul4w3f5", "fields": {"session_data": "NzE2NTNjYTYxMzc0NTMxZWQ0NWYzNzYxMDJjYThjNGY2NGVlZjNhNzp7Il9hdXRoX3VzZXJfYmFja2VuZCI6ImRqYW5nby5jb250cmliLmF1dGguYmFja2VuZHMuTW9kZWxCYWNrZW5kIiwiX2F1dGhfdXNlcl9oYXNoIjoiZjY0NzdjOTg0N2YxOTNiYjg0ZmI5ZGQ0N2JkNDhhZWUyNGZmNzMwNSIsIl9hdXRoX3VzZXJfaWQiOiIxIn0=", "expire_date": "2019-08-12T22:15:50.807Z"}}, {"model": "sessions.session", "pk": "3fid4jyql940dcsewywf7rnq99cw5pyl", "fields": {"session_data": "MTZhNTllYTc1ZjJhNzY4YWZlMjhlZDc5MTVhYmZhZTliNjE1YmRmNTp7Il9hdXRoX3VzZXJfaWQiOiIxIiwiX2F1dGhfdXNlcl9oYXNoIjoiZjY0NzdjOTg0N2YxOTNiYjg0ZmI5ZGQ0N2JkNDhhZWUyNGZmNzMwNSIsIl9hdXRoX3VzZXJfYmFja2VuZCI6ImRqYW5nby5jb250cmliLmF1dGguYmFja2VuZHMuTW9kZWxCYWNrZW5kIn0=", "expire_date": "2019-10-09T12:35:40.060Z"}}, {"model": "sessions.session", "pk": "3fpms1i5le3o5y7xlcdmdomv5ebcuyyd", "fields": {"session_data": "ZTZhOGFjNmRkMGU2ZjlhZmMxMTk3NGZhN2I1ZThjNzJmZGM3YWI4NDp7Il9hdXRoX3VzZXJfaGFzaCI6ImY3NDEwN2U3MWUyYmIxMmE4ODhhNmJlNTliNTE5NmYwNTE1ZGM1MzgiLCJfYXV0aF91c2VyX2lkIjoiMSIsIl9hdXRoX3VzZXJfYmFja2VuZCI6ImRqYW5nby5jb250cmliLmF1dGguYmFja2VuZHMuTW9kZWxCYWNrZW5kIn0=", "expire_date": "2019-10-14T08:23:03.904Z"}}, {"model": "sessions.session", "pk": "3sw3x3txu0q2863qh2lem25aup8y812f", "fields": {"session_data": "ZTZhOGFjNmRkMGU2ZjlhZmMxMTk3NGZhN2I1ZThjNzJmZGM3YWI4NDp7Il9hdXRoX3VzZXJfaGFzaCI6ImY3NDEwN2U3MWUyYmIxMmE4ODhhNmJlNTliNTE5NmYwNTE1ZGM1MzgiLCJfYXV0aF91c2VyX2lkIjoiMSIsIl9hdXRoX3VzZXJfYmFja2VuZCI6ImRqYW5nby5jb250cmliLmF1dGguYmFja2VuZHMuTW9kZWxCYWNrZW5kIn0=", "expire_date": "2019-10-14T10:13:10.668Z"}}, {"model": "sessions.session", "pk": "4iq8gwv5su90daibs0lrtlu71v9dbekh", "fields": {"session_data": "Njk0NGIxODk2MWFmOWUyNWVhYmNlMTViMTY0MGQzNTQxYzVlNGE5ODp7Il9hdXRoX3VzZXJfaGFzaCI6ImY2NDc3Yzk4NDdmMTkzYmI4NGZiOWRkNDdiZDQ4YWVlMjRmZjczMDUiLCJfYXV0aF91c2VyX2lkIjoiMSIsIl9hdXRoX3VzZXJfYmFja2VuZCI6ImRqYW5nby5jb250cmliLmF1dGguYmFja2VuZHMuTW9kZWxCYWNrZW5kIn0=", "expire_date": "2019-07-15T13:14:25.773Z"}}, {"model": "sessions.session", "pk": "4miqse9xxows4rdegswrctpu3w70jrm7", "fields": {"session_data": "NzFkMWMyZDM0NGY1YmJlZDM1ZGQ2NzIwNGRmOTlhZTAyYjA1MzQ3Njp7Il9hdXRoX3VzZXJfaWQiOiI1IiwiX2F1dGhfdXNlcl9oYXNoIjoiZTcyODI1MGU1MWU2ZTNiZTdhNTNlOGRhNWVkMjQ2NGVlNTY1OTIzNCIsIl9hdXRoX3VzZXJfYmFja2VuZCI6ImRqYW5nby5jb250cmliLmF1dGguYmFja2VuZHMuTW9kZWxCYWNrZW5kIn0=", "expire_date": "2019-10-18T10:08:02.973Z"}}, {"model": "sessions.session", "pk": "4zywggrqwjjl6s9b6b9vthij9bxlzb2v", "fields": {"session_data": "MTZhNTllYTc1ZjJhNzY4YWZlMjhlZDc5MTVhYmZhZTliNjE1YmRmNTp7Il9hdXRoX3VzZXJfaWQiOiIxIiwiX2F1dGhfdXNlcl9oYXNoIjoiZjY0NzdjOTg0N2YxOTNiYjg0ZmI5ZGQ0N2JkNDhhZWUyNGZmNzMwNSIsIl9hdXRoX3VzZXJfYmFja2VuZCI6ImRqYW5nby5jb250cmliLmF1dGguYmFja2VuZHMuTW9kZWxCYWNrZW5kIn0=", "expire_date": "2019-07-11T09:40:54.141Z"}}, {"model": "sessions.session", "pk": "9usjqm6we2h15ifszam8azyb4m083ou9", "fields": {"session_data": "YzJkMmE1NzY3NWQ2NzdjMjg1NjBmM2YzZjdhODJhYWEyMjZiYTk3OTp7Il9hdXRoX3VzZXJfaGFzaCI6ImY2NDc3Yzk4NDdmMTkzYmI4NGZiOWRkNDdiZDQ4YWVlMjRmZjczMDUiLCJfYXV0aF91c2VyX2JhY2tlbmQiOiJkamFuZ28uY29udHJpYi5hdXRoLmJhY2tlbmRzLk1vZGVsQmFja2VuZCIsIl9hdXRoX3VzZXJfaWQiOiIxIn0=", "expire_date": "2019-08-15T15:11:16.879Z"}}, {"model": "sessions.session", "pk": "ednxdu8wui53rkns0rfckecbmj945u7a", "fields": {"session_data": "NjQyMjFjYjE4Mzg2ZTE5NzdhMzA4MTA2Y2ZiNTQ4NDNiYTI4NGFhYzp7Il9hdXRoX3VzZXJfaWQiOiIxIiwiX2F1dGhfdXNlcl9oYXNoIjoiZjc0MTA3ZTcxZTJiYjEyYTg4OGE2YmU1OWI1MTk2ZjA1MTVkYzUzOCIsIl9hdXRoX3VzZXJfYmFja2VuZCI6ImRqYW5nby5jb250cmliLmF1dGguYmFja2VuZHMuTW9kZWxCYWNrZW5kIn0=", "expire_date": "2019-10-18T13:16:40.843Z"}}, {"model": "sessions.session", "pk": "f0mvbca06qzcmv9f3lw7elrsfin7qi3x", "fields": {"session_data": "ZTZhOGFjNmRkMGU2ZjlhZmMxMTk3NGZhN2I1ZThjNzJmZGM3YWI4NDp7Il9hdXRoX3VzZXJfaGFzaCI6ImY3NDEwN2U3MWUyYmIxMmE4ODhhNmJlNTliNTE5NmYwNTE1ZGM1MzgiLCJfYXV0aF91c2VyX2lkIjoiMSIsIl9hdXRoX3VzZXJfYmFja2VuZCI6ImRqYW5nby5jb250cmliLmF1dGguYmFja2VuZHMuTW9kZWxCYWNrZW5kIn0=", "expire_date": "2019-10-16T21:12:15.198Z"}}, {"model": "sessions.session", "pk": "fcfgyg11pztur5nlporm79py0i0a5cqo", "fields": {"session_data": "MjkwY2Q5MGExYmU4ZWZjMDQzNGI0MTdmMzU1ZTE1NDVhZmZkNTVmZTp7Il9hdXRoX3VzZXJfYmFja2VuZCI6ImRqYW5nby5jb250cmliLmF1dGguYmFja2VuZHMuTW9kZWxCYWNrZW5kIiwiX2F1dGhfdXNlcl9oYXNoIjoiZjc0MTA3ZTcxZTJiYjEyYTg4OGE2YmU1OWI1MTk2ZjA1MTVkYzUzOCIsIl9hdXRoX3VzZXJfaWQiOiIxIn0=", "expire_date": "2019-10-12T16:04:18.495Z"}}, {"model": "sessions.session", "pk": "fiqs4ucur0vt0adm4cz1rdhh0khn70wb", "fields": {"session_data": "NjQyMjFjYjE4Mzg2ZTE5NzdhMzA4MTA2Y2ZiNTQ4NDNiYTI4NGFhYzp7Il9hdXRoX3VzZXJfaWQiOiIxIiwiX2F1dGhfdXNlcl9oYXNoIjoiZjc0MTA3ZTcxZTJiYjEyYTg4OGE2YmU1OWI1MTk2ZjA1MTVkYzUzOCIsIl9hdXRoX3VzZXJfYmFja2VuZCI6ImRqYW5nby5jb250cmliLmF1dGguYmFja2VuZHMuTW9kZWxCYWNrZW5kIn0=", "expire_date": "2019-10-18T09:55:57.360Z"}}, {"model": "sessions.session", "pk": "gl6ul7ddv3udxr0qey8arl62vx7zeszs", "fields": {"session_data": "MmRlYjEzNGMxZWYyZjNlNjJjYjM2MWRiNzNhMTM5MDMwOWI0YTg4Yjp7Il9hdXRoX3VzZXJfYmFja2VuZCI6ImRqYW5nby5jb250cmliLmF1dGguYmFja2VuZHMuTW9kZWxCYWNrZW5kIiwiX2F1dGhfdXNlcl9pZCI6IjEiLCJfYXV0aF91c2VyX2hhc2giOiJmNzQxMDdlNzFlMmJiMTJhODg4YTZiZTU5YjUxOTZmMDUxNWRjNTM4In0=", "expire_date": "2019-10-12T15:49:49.850Z"}}, {"model": "sessions.session", "pk": "grrs86fvl4ia936qe5f9ivo201q7ijq3", "fields": {"session_data": "NjQyMjFjYjE4Mzg2ZTE5NzdhMzA4MTA2Y2ZiNTQ4NDNiYTI4NGFhYzp7Il9hdXRoX3VzZXJfaWQiOiIxIiwiX2F1dGhfdXNlcl9oYXNoIjoiZjc0MTA3ZTcxZTJiYjEyYTg4OGE2YmU1OWI1MTk2ZjA1MTVkYzUzOCIsIl9hdXRoX3VzZXJfYmFja2VuZCI6ImRqYW5nby5jb250cmliLmF1dGguYmFja2VuZHMuTW9kZWxCYWNrZW5kIn0=", "expire_date": "2019-10-28T10:09:56.903Z"}}, {"model": "sessions.session", "pk": "hvxtlbppeeej3q2yyu7qclghdpxcr6z6", "fields": {"session_data": "MjkwY2Q5MGExYmU4ZWZjMDQzNGI0MTdmMzU1ZTE1NDVhZmZkNTVmZTp7Il9hdXRoX3VzZXJfYmFja2VuZCI6ImRqYW5nby5jb250cmliLmF1dGguYmFja2VuZHMuTW9kZWxCYWNrZW5kIiwiX2F1dGhfdXNlcl9oYXNoIjoiZjc0MTA3ZTcxZTJiYjEyYTg4OGE2YmU1OWI1MTk2ZjA1MTVkYzUzOCIsIl9hdXRoX3VzZXJfaWQiOiIxIn0=", "expire_date": "2019-10-12T20:32:57.150Z"}}, {"model": "sessions.session", "pk": "i2oujxz2flidcxbqhqognxlddqi032hq", "fields": {"session_data": "N2Q2NTQ5Y2JlNGI1MDhlMzVhZmFkMDg1OGJhOTFlMjE3OGM3ZGVjYjp7fQ==", "expire_date": "2019-10-18T08:04:10.718Z"}}, {"model": "sessions.session", "pk": "kph9eovj915labwu00dv0lr4uqttzzst", "fields": {"session_data": "NjQyMjFjYjE4Mzg2ZTE5NzdhMzA4MTA2Y2ZiNTQ4NDNiYTI4NGFhYzp7Il9hdXRoX3VzZXJfaWQiOiIxIiwiX2F1dGhfdXNlcl9oYXNoIjoiZjc0MTA3ZTcxZTJiYjEyYTg4OGE2YmU1OWI1MTk2ZjA1MTVkYzUzOCIsIl9hdXRoX3VzZXJfYmFja2VuZCI6ImRqYW5nby5jb250cmliLmF1dGguYmFja2VuZHMuTW9kZWxCYWNrZW5kIn0=", "expire_date": "2019-10-18T09:48:48.126Z"}}, {"model": "sessions.session", "pk": "lhcwjq2zahpxflt1jejxsupg3ru7r16f", "fields": {"session_data": "MmRlYjEzNGMxZWYyZjNlNjJjYjM2MWRiNzNhMTM5MDMwOWI0YTg4Yjp7Il9hdXRoX3VzZXJfYmFja2VuZCI6ImRqYW5nby5jb250cmliLmF1dGguYmFja2VuZHMuTW9kZWxCYWNrZW5kIiwiX2F1dGhfdXNlcl9pZCI6IjEiLCJfYXV0aF91c2VyX2hhc2giOiJmNzQxMDdlNzFlMmJiMTJhODg4YTZiZTU5YjUxOTZmMDUxNWRjNTM4In0=", "expire_date": "2019-10-18T13:45:42.442Z"}}, {"model": "sessions.session", "pk": "m3b4nlroc7unzt1xkt06ag9cmxrokhyu", "fields": {"session_data": "ZGM5MDlmNzNiYWJhM2E5NmRjMjBhYzVjNWQ5MjI3ZDhmMjhjM2M1OTp7Il9hdXRoX3VzZXJfaWQiOiIyIiwiX2F1dGhfdXNlcl9iYWNrZW5kIjoiZGphbmdvLmNvbnRyaWIuYXV0aC5iYWNrZW5kcy5Nb2RlbEJhY2tlbmQiLCJfYXV0aF91c2VyX2hhc2giOiJkNmEwOTY1YmViOTQ2ZWMxOTIzZWE3NzgwMmYxZTYyYzgxZjUwZDI2In0=", "expire_date": "2019-10-18T07:41:59.929Z"}}, {"model": "sessions.session", "pk": "n5gufx1i8b20o8ldbt0y1rucnhandlrs", "fields": {"session_data": "MjkwY2Q5MGExYmU4ZWZjMDQzNGI0MTdmMzU1ZTE1NDVhZmZkNTVmZTp7Il9hdXRoX3VzZXJfYmFja2VuZCI6ImRqYW5nby5jb250cmliLmF1dGguYmFja2VuZHMuTW9kZWxCYWNrZW5kIiwiX2F1dGhfdXNlcl9oYXNoIjoiZjc0MTA3ZTcxZTJiYjEyYTg4OGE2YmU1OWI1MTk2ZjA1MTVkYzUzOCIsIl9hdXRoX3VzZXJfaWQiOiIxIn0=", "expire_date": "2019-10-12T20:15:30.320Z"}}, {"model": "sessions.session", "pk": "ni2ley2t8te2wht2lxx3ekv75v23ucka", "fields": {"session_data": "YzJkMmE1NzY3NWQ2NzdjMjg1NjBmM2YzZjdhODJhYWEyMjZiYTk3OTp7Il9hdXRoX3VzZXJfaGFzaCI6ImY2NDc3Yzk4NDdmMTkzYmI4NGZiOWRkNDdiZDQ4YWVlMjRmZjczMDUiLCJfYXV0aF91c2VyX2JhY2tlbmQiOiJkamFuZ28uY29udHJpYi5hdXRoLmJhY2tlbmRzLk1vZGVsQmFja2VuZCIsIl9hdXRoX3VzZXJfaWQiOiIxIn0=", "expire_date": "2019-10-10T13:42:43.857Z"}}, {"model": "sessions.session", "pk": "nrxdvx935bsmoirzzzx3i33ce83sij0j", "fields": {"session_data": "NzE2NTNjYTYxMzc0NTMxZWQ0NWYzNzYxMDJjYThjNGY2NGVlZjNhNzp7Il9hdXRoX3VzZXJfYmFja2VuZCI6ImRqYW5nby5jb250cmliLmF1dGguYmFja2VuZHMuTW9kZWxCYWNrZW5kIiwiX2F1dGhfdXNlcl9oYXNoIjoiZjY0NzdjOTg0N2YxOTNiYjg0ZmI5ZGQ0N2JkNDhhZWUyNGZmNzMwNSIsIl9hdXRoX3VzZXJfaWQiOiIxIn0=", "expire_date": "2019-10-04T09:06:47.810Z"}}, {"model": "sessions.session", "pk": "nx8v8gzoi1os5dqxia8wqexla7w84dlw", "fields": {"session_data": "ZWRmMjc0ZGQ2YThkMzhmMjk1NDUzM2IwYjdiMWEyZWNlOGJhNTA4Mjp7Il9hdXRoX3VzZXJfaWQiOiIxIiwiX2F1dGhfdXNlcl9iYWNrZW5kIjoiZGphbmdvLmNvbnRyaWIuYXV0aC5iYWNrZW5kcy5Nb2RlbEJhY2tlbmQiLCJfYXV0aF91c2VyX2hhc2giOiJmNjQ3N2M5ODQ3ZjE5M2JiODRmYjlkZDQ3YmQ0OGFlZTI0ZmY3MzA1In0=", "expire_date": "2019-10-07T14:51:44.593Z"}}, {"model": "sessions.session", "pk": "ooiqlwb9gf28c7lh1lhgrvwuyaeg9v3i", "fields": {"session_data": "NjQyMjFjYjE4Mzg2ZTE5NzdhMzA4MTA2Y2ZiNTQ4NDNiYTI4NGFhYzp7Il9hdXRoX3VzZXJfaWQiOiIxIiwiX2F1dGhfdXNlcl9oYXNoIjoiZjc0MTA3ZTcxZTJiYjEyYTg4OGE2YmU1OWI1MTk2ZjA1MTVkYzUzOCIsIl9hdXRoX3VzZXJfYmFja2VuZCI6ImRqYW5nby5jb250cmliLmF1dGguYmFja2VuZHMuTW9kZWxCYWNrZW5kIn0=", "expire_date": "2019-10-18T08:09:30.220Z"}}, {"model": "sessions.session", "pk": "p0rvye44wax8apxc9dzwrabj6v0plti7", "fields": {"session_data": "YzJkMmE1NzY3NWQ2NzdjMjg1NjBmM2YzZjdhODJhYWEyMjZiYTk3OTp7Il9hdXRoX3VzZXJfaGFzaCI6ImY2NDc3Yzk4NDdmMTkzYmI4NGZiOWRkNDdiZDQ4YWVlMjRmZjczMDUiLCJfYXV0aF91c2VyX2JhY2tlbmQiOiJkamFuZ28uY29udHJpYi5hdXRoLmJhY2tlbmRzLk1vZGVsQmFja2VuZCIsIl9hdXRoX3VzZXJfaWQiOiIxIn0=", "expire_date": "2019-08-08T11:35:03.734Z"}}, {"model": "sessions.session", "pk": "pykhdk7zyhdahn09qbaa4tyjqzj1jq3v", "fields": {"session_data": "MjkwY2Q5MGExYmU4ZWZjMDQzNGI0MTdmMzU1ZTE1NDVhZmZkNTVmZTp7Il9hdXRoX3VzZXJfYmFja2VuZCI6ImRqYW5nby5jb250cmliLmF1dGguYmFja2VuZHMuTW9kZWxCYWNrZW5kIiwiX2F1dGhfdXNlcl9oYXNoIjoiZjc0MTA3ZTcxZTJiYjEyYTg4OGE2YmU1OWI1MTk2ZjA1MTVkYzUzOCIsIl9hdXRoX3VzZXJfaWQiOiIxIn0=", "expire_date": "2019-10-12T20:23:16.075Z"}}, {"model": "sessions.session", "pk": "qldsaqiwlzp07y2u9u8zc8kw3bymxcc6", "fields": {"session_data": "YmU3NzllOWJhYTY5MjI2Njc1MTRlYTY2N2NiMWVkNzA3NDA3YjI4MDp7Il9hdXRoX3VzZXJfYmFja2VuZCI6ImRqYW5nby5jb250cmliLmF1dGguYmFja2VuZHMuTW9kZWxCYWNrZW5kIiwiX2F1dGhfdXNlcl9pZCI6IjEiLCJfYXV0aF91c2VyX2hhc2giOiJmNjQ3N2M5ODQ3ZjE5M2JiODRmYjlkZDQ3YmQ0OGFlZTI0ZmY3MzA1In0=", "expire_date": "2019-07-26T14:40:09.713Z"}}, {"model": "sessions.session", "pk": "ritw8zs8gko8qujcftqp45lqgzocff7y", "fields": {"session_data": "NjQyMjFjYjE4Mzg2ZTE5NzdhMzA4MTA2Y2ZiNTQ4NDNiYTI4NGFhYzp7Il9hdXRoX3VzZXJfaWQiOiIxIiwiX2F1dGhfdXNlcl9oYXNoIjoiZjc0MTA3ZTcxZTJiYjEyYTg4OGE2YmU1OWI1MTk2ZjA1MTVkYzUzOCIsIl9hdXRoX3VzZXJfYmFja2VuZCI6ImRqYW5nby5jb250cmliLmF1dGguYmFja2VuZHMuTW9kZWxCYWNrZW5kIn0=", "expire_date": "2019-10-13T14:48:21.968Z"}}, {"model": "sessions.session", "pk": "s05gjrpqkow554vljaads0x7qkr2s3mq", "fields": {"session_data": "ZWRmMjc0ZGQ2YThkMzhmMjk1NDUzM2IwYjdiMWEyZWNlOGJhNTA4Mjp7Il9hdXRoX3VzZXJfaWQiOiIxIiwiX2F1dGhfdXNlcl9iYWNrZW5kIjoiZGphbmdvLmNvbnRyaWIuYXV0aC5iYWNrZW5kcy5Nb2RlbEJhY2tlbmQiLCJfYXV0aF91c2VyX2hhc2giOiJmNjQ3N2M5ODQ3ZjE5M2JiODRmYjlkZDQ3YmQ0OGFlZTI0ZmY3MzA1In0=", "expire_date": "2019-07-12T13:14:56.059Z"}}, {"model": "sessions.session", "pk": "smb98as7lmufk4yj2f8ihilg61w948jr", "fields": {"session_data": "NzE2NTNjYTYxMzc0NTMxZWQ0NWYzNzYxMDJjYThjNGY2NGVlZjNhNzp7Il9hdXRoX3VzZXJfYmFja2VuZCI6ImRqYW5nby5jb250cmliLmF1dGguYmFja2VuZHMuTW9kZWxCYWNrZW5kIiwiX2F1dGhfdXNlcl9oYXNoIjoiZjY0NzdjOTg0N2YxOTNiYjg0ZmI5ZGQ0N2JkNDhhZWUyNGZmNzMwNSIsIl9hdXRoX3VzZXJfaWQiOiIxIn0=", "expire_date": "2019-09-25T15:09:38.183Z"}}, {"model": "sessions.session", "pk": "u3irxwkryx0cyvqldpl26x3aaqn2an83", "fields": {"session_data": "Njk0NGIxODk2MWFmOWUyNWVhYmNlMTViMTY0MGQzNTQxYzVlNGE5ODp7Il9hdXRoX3VzZXJfaGFzaCI6ImY2NDc3Yzk4NDdmMTkzYmI4NGZiOWRkNDdiZDQ4YWVlMjRmZjczMDUiLCJfYXV0aF91c2VyX2lkIjoiMSIsIl9hdXRoX3VzZXJfYmFja2VuZCI6ImRqYW5nby5jb250cmliLmF1dGguYmFja2VuZHMuTW9kZWxCYWNrZW5kIn0=", "expire_date": "2019-10-04T07:52:34.256Z"}}, {"model": "sessions.session", "pk": "u8g506esf3nv0i1gdl25h4k8wvclqqqg", "fields": {"session_data": "N2IyYTY4MjIyYjAyNWRlOWMyMGNhYjU4YTNlNTc1YmVhNGEzOTFmZjp7Il9hdXRoX3VzZXJfaWQiOiIxIiwiX2F1dGhfdXNlcl9iYWNrZW5kIjoiZGphbmdvLmNvbnRyaWIuYXV0aC5iYWNrZW5kcy5Nb2RlbEJhY2tlbmQiLCJfYXV0aF91c2VyX2hhc2giOiJmNzQxMDdlNzFlMmJiMTJhODg4YTZiZTU5YjUxOTZmMDUxNWRjNTM4In0=", "expire_date": "2019-10-15T09:50:39.428Z"}}, {"model": "sessions.session", "pk": "uk6zdbgmdhpp5h4sx1e6a2tkrj0n4d8f", "fields": {"session_data": "Njk0NGIxODk2MWFmOWUyNWVhYmNlMTViMTY0MGQzNTQxYzVlNGE5ODp7Il9hdXRoX3VzZXJfaGFzaCI6ImY2NDc3Yzk4NDdmMTkzYmI4NGZiOWRkNDdiZDQ4YWVlMjRmZjczMDUiLCJfYXV0aF91c2VyX2lkIjoiMSIsIl9hdXRoX3VzZXJfYmFja2VuZCI6ImRqYW5nby5jb250cmliLmF1dGguYmFja2VuZHMuTW9kZWxCYWNrZW5kIn0=", "expire_date": "2019-10-08T09:04:26.957Z"}}, {"model": "sessions.session", "pk": "unbsta7607k8elj3i0s4bile7i2ttdeh", "fields": {"session_data": "MmRlYjEzNGMxZWYyZjNlNjJjYjM2MWRiNzNhMTM5MDMwOWI0YTg4Yjp7Il9hdXRoX3VzZXJfYmFja2VuZCI6ImRqYW5nby5jb250cmliLmF1dGguYmFja2VuZHMuTW9kZWxCYWNrZW5kIiwiX2F1dGhfdXNlcl9pZCI6IjEiLCJfYXV0aF91c2VyX2hhc2giOiJmNzQxMDdlNzFlMmJiMTJhODg4YTZiZTU5YjUxOTZmMDUxNWRjNTM4In0=", "expire_date": "2019-10-13T15:46:46.593Z"}}, {"model": "sessions.session", "pk": "vciv98hhtbp63uyablo5n00wbnthsjlj", "fields": {"session_data": "Njk0NGIxODk2MWFmOWUyNWVhYmNlMTViMTY0MGQzNTQxYzVlNGE5ODp7Il9hdXRoX3VzZXJfaGFzaCI6ImY2NDc3Yzk4NDdmMTkzYmI4NGZiOWRkNDdiZDQ4YWVlMjRmZjczMDUiLCJfYXV0aF91c2VyX2lkIjoiMSIsIl9hdXRoX3VzZXJfYmFja2VuZCI6ImRqYW5nby5jb250cmliLmF1dGguYmFja2VuZHMuTW9kZWxCYWNrZW5kIn0=", "expire_date": "2019-10-09T08:41:21.247Z"}}, {"model": "sessions.session", "pk": "wq16e8qakxukp01yveflk52grg435wp9", "fields": {"session_data": "ZGM5MDlmNzNiYWJhM2E5NmRjMjBhYzVjNWQ5MjI3ZDhmMjhjM2M1OTp7Il9hdXRoX3VzZXJfaWQiOiIyIiwiX2F1dGhfdXNlcl9iYWNrZW5kIjoiZGphbmdvLmNvbnRyaWIuYXV0aC5iYWNrZW5kcy5Nb2RlbEJhY2tlbmQiLCJfYXV0aF91c2VyX2hhc2giOiJkNmEwOTY1YmViOTQ2ZWMxOTIzZWE3NzgwMmYxZTYyYzgxZjUwZDI2In0=", "expire_date": "2019-10-17T20:22:03.817Z"}}, {"model": "sessions.session", "pk": "x1lrf011aa73lbtafcp9kg028crl6j70", "fields": {"session_data": "ODE0NTg2OWExZDJhZjhlOWZmOTgyMmI2YmY0NjdlYTZmODU5OWZkMzp7Il9hdXRoX3VzZXJfaGFzaCI6ImY3NDEwN2U3MWUyYmIxMmE4ODhhNmJlNTliNTE5NmYwNTE1ZGM1MzgiLCJfYXV0aF91c2VyX2JhY2tlbmQiOiJkamFuZ28uY29udHJpYi5hdXRoLmJhY2tlbmRzLk1vZGVsQmFja2VuZCIsIl9hdXRoX3VzZXJfaWQiOiIxIn0=", "expire_date": "2019-10-13T15:07:37.836Z"}}, {"model": "sessions.session", "pk": "x8jk4e6qm414u3xchaykuidxmmpphebf", "fields": {"session_data": "NjQyMjFjYjE4Mzg2ZTE5NzdhMzA4MTA2Y2ZiNTQ4NDNiYTI4NGFhYzp7Il9hdXRoX3VzZXJfaWQiOiIxIiwiX2F1dGhfdXNlcl9oYXNoIjoiZjc0MTA3ZTcxZTJiYjEyYTg4OGE2YmU1OWI1MTk2ZjA1MTVkYzUzOCIsIl9hdXRoX3VzZXJfYmFja2VuZCI6ImRqYW5nby5jb250cmliLmF1dGguYmFja2VuZHMuTW9kZWxCYWNrZW5kIn0=", "expire_date": "2019-10-13T13:08:51.366Z"}}, {"model": "sessions.session", "pk": "xpsfkh7z69o041yz3uyyh4ocrece6h9w", "fields": {"session_data": "NzE2NTNjYTYxMzc0NTMxZWQ0NWYzNzYxMDJjYThjNGY2NGVlZjNhNzp7Il9hdXRoX3VzZXJfYmFja2VuZCI6ImRqYW5nby5jb250cmliLmF1dGguYmFja2VuZHMuTW9kZWxCYWNrZW5kIiwiX2F1dGhfdXNlcl9oYXNoIjoiZjY0NzdjOTg0N2YxOTNiYjg0ZmI5ZGQ0N2JkNDhhZWUyNGZmNzMwNSIsIl9hdXRoX3VzZXJfaWQiOiIxIn0=", "expire_date": "2019-07-09T14:25:20.089Z"}}, {"model": "sessions.session", "pk": "xtrwivw9fzychg8462s9nexeirqygno1", "fields": {"session_data": "YzJkMmE1NzY3NWQ2NzdjMjg1NjBmM2YzZjdhODJhYWEyMjZiYTk3OTp7Il9hdXRoX3VzZXJfaGFzaCI6ImY2NDc3Yzk4NDdmMTkzYmI4NGZiOWRkNDdiZDQ4YWVlMjRmZjczMDUiLCJfYXV0aF91c2VyX2JhY2tlbmQiOiJkamFuZ28uY29udHJpYi5hdXRoLmJhY2tlbmRzLk1vZGVsQmFja2VuZCIsIl9hdXRoX3VzZXJfaWQiOiIxIn0=", "expire_date": "2019-10-10T13:59:01.898Z"}}, {"model": "sessions.session", "pk": "yw549o41supw16svwejqcwumzjkd8cms", "fields": {"session_data": "MTZhNTllYTc1ZjJhNzY4YWZlMjhlZDc5MTVhYmZhZTliNjE1YmRmNTp7Il9hdXRoX3VzZXJfaWQiOiIxIiwiX2F1dGhfdXNlcl9oYXNoIjoiZjY0NzdjOTg0N2YxOTNiYjg0ZmI5ZGQ0N2JkNDhhZWUyNGZmNzMwNSIsIl9hdXRoX3VzZXJfYmFja2VuZCI6ImRqYW5nby5jb250cmliLmF1dGguYmFja2VuZHMuTW9kZWxCYWNrZW5kIn0=", "expire_date": "2019-07-31T15:18:18.051Z"}}, {"model": "sessions.session", "pk": "z0a4jy4nkb8ft3hxtffmah4rj9r3ks3m", "fields": {"session_data": "NjQyMjFjYjE4Mzg2ZTE5NzdhMzA4MTA2Y2ZiNTQ4NDNiYTI4NGFhYzp7Il9hdXRoX3VzZXJfaWQiOiIxIiwiX2F1dGhfdXNlcl9oYXNoIjoiZjc0MTA3ZTcxZTJiYjEyYTg4OGE2YmU1OWI1MTk2ZjA1MTVkYzUzOCIsIl9hdXRoX3VzZXJfYmFja2VuZCI6ImRqYW5nby5jb250cmliLmF1dGguYmFja2VuZHMuTW9kZWxCYWNrZW5kIn0=", "expire_date": "2019-10-13T09:07:03.970Z"}}, {"model": "sessions.session", "pk": "zzaevxb3t2r2zxwrfz5k14hld3cwrskt", "fields": {"session_data": "MTZhNTllYTc1ZjJhNzY4YWZlMjhlZDc5MTVhYmZhZTliNjE1YmRmNTp7Il9hdXRoX3VzZXJfaWQiOiIxIiwiX2F1dGhfdXNlcl9oYXNoIjoiZjY0NzdjOTg0N2YxOTNiYjg0ZmI5ZGQ0N2JkNDhhZWUyNGZmNzMwNSIsIl9hdXRoX3VzZXJfYmFja2VuZCI6ImRqYW5nby5jb250cmliLmF1dGguYmFja2VuZHMuTW9kZWxCYWNrZW5kIn0=", "expire_date": "2019-10-08T16:03:45.235Z"}}, {"model": "frontend.video", "pk": 2, "fields": {"title": "MuseoNapoli", "keywords": "Museo, Statue", "description": "tour al museo di Napoli", "duration": "1:18", "created": "2019-06-13T14:39:54.650Z", "uri": "videoferracani/museoNapoli.mp4"}}, {"model": "frontend.video", "pk": 3, "fields": {"title": "Pompei", "keywords": "Rovine, Citt\u00e0", "description": "visita alla bellissima citt\u00e0 sepolta di Pompei", "duration": "2:24", "created": "2019-06-13T14:39:54.650Z", "uri": "videoferracani/Pompei.mp4"}}, {"model": "frontend.video", "pk": 4, "fields": {"title": "MuseoEgizio", "keywords": "Museo, Sarcofago", "description": "Notte al museo Egizio", "duration": "1:07", "created": "2019-06-13T14:39:54.650Z", "uri": "videoferracani/museoEgizio.mp4"}}, {"model": "frontend.video", "pk": 5, "fields": {"title": "GalleriaEstense", "keywords": "Esposizione, Opere", "description": "Video sulla bellissima Galleria Estense", "duration": "0:43", "created": "2019-06-13T14:39:54.650Z", "uri": "videoferracani/galleriaEstense.mp4"}}, {"model": "frontend.video", "pk": 6, "fields": {"title": "MuseiVaticani", "keywords": "Museo, Papa", "description": "Pellegrinaggio ai musei Vaticani", "duration": "2:54", "created": "2019-06-13T14:39:54.650Z", "uri": "videoferracani/Museivaticani.mp4"}}, {"model": "frontend.video", "pk": 7, "fields": {"title": "MuseoFerrari", "keywords": "Motori, Museo, Enzo", "description": "gita al museo ferrari", "duration": "3:13", "created": "2019-06-13T14:39:54.650Z", "uri": "videoferracani/museoFerrari.mp4"}}, {"model": "frontend.video", "pk": 8, "fields": {"title": "MuseoRomanticismo", "keywords": "Museo", "description": "tour al museo del romanticismo", "duration": "1:01", "created": "2019-06-13T14:39:54.650Z", "uri": "videoferracani/museoRomanticismo.mp4"}}, {"model": "frontend.video", "pk": 9, "fields": {"title": "PiazzaVaticano", "keywords": "Piazza, Papa", "description": "Gita in piazza vaticano", "duration": "1:59", "created": "2019-06-13T14:39:54.650Z", "uri": "videoferracani/piazzaVaticano.mp4"}}, {"model": "frontend.video", "pk": 10, "fields": {"title": "Superquark2", "keywords": "Documentario, Villa", "description": "Video di Alberto Angela del programma di rai1 Superquark", "duration": "3:10", "created": "2019-06-13T14:39:54.650Z", "uri": "videoferracani/superquark2.mp4"}}, {"model": "frontend.video", "pk": 11, "fields": {"title": "Superquark1", "keywords": "Documentario, Museo", "description": "Video di Alberto Angela del programmadi rai1 Superquark", "duration": "3:14", "created": "2019-06-13T14:39:54.650Z", "uri": "videoferracani/superquark1.mp4"}}, {"model": "frontend.video", "pk": 12, "fields": {"title": "earth", "keywords": "test", "description": "test video", "duration": "30", "created": "2019-09-11T15:04:48.046Z", "uri": "videoferracani/earth.mp4"}}, {"model": "frontend.video", "pk": 13, "fields": {"title": "earth", "keywords": "test", "description": "test video earth", "duration": "30", "created": "2019-09-11T15:20:44.176Z", "uri": "frontend/earth.mp4"}}, {"model": "frontend.video", "pk": 14, "fields": {"title": "cartoon", "keywords": "test, cartoon", "description": "test", "duration": "60", "created": "2019-09-24T09:10:15.053Z", "uri": "videoferracani/big_buck_bunny.mp4"}}, {"model": "frontend.shot", "pk": 2, "fields": {"video": 11, "title": "Superquark1_shot2", "thumbnail": "videoferracani/Superquark1_shot2.mp4_thumb.jpg", "arousal_avg": 1, "valence_avg": 0, "uri": "videoferracani/Superquark1_shot2.mp4", "processed": false}}, {"model": "frontend.shot", "pk": 3, "fields": {"video": 11, "title": "Superquark1_shot3", "thumbnail": "videoferracani/Superquark1_shot3.mp4_thumb.jpg", "arousal_avg": -1, "valence_avg": 0, "uri": "videoferracani/Superquark1_shot3.mp4", "processed": false}}, {"model": "frontend.shot", "pk": 4, "fields": {"video": 10, "title": "Superquark2_shot1", "thumbnail": "videoferracani/Superquark2_shot1.mp4_thumb.jpg", "arousal_avg": null, "valence_avg": null, "uri": "videoferracani/Superquark2_shot1.mp4", "processed": false}}, {"model": "frontend.shot", "pk": 6, "fields": {"video": 10, "title": "Superquark2_shot3", "thumbnail": "videoferracani/Superquark2_shot3.mp4_thumb.jpg", "arousal_avg": null, "valence_avg": null, "uri": "videoferracani/Superquark2_shot3.mp4", "processed": false}}, {"model": "frontend.shot", "pk": 7, "fields": {"video": 9, "title": "PiazzaVaticano_shot1", "thumbnail": "videoferracani/PiazzaVaticano_shot1.mp4_thumb.jpg", "arousal_avg": null, "valence_avg": null, "uri": "videoferracani/PiazzaVaticano_shot1.mp4", "processed": false}}, {"model": "frontend.shot", "pk": 8, "fields": {"video": 9, "title": "PiazzaVaticano_shot2", "thumbnail": "videoferracani/PiazzaVaticano_shot2.mp4_thumb.jpg", "arousal_avg": null, "valence_avg": null, "uri": "videoferracani/PiazzaVaticano_shot2.mp4", "processed": false}}, {"model": "frontend.shot", "pk": 9, "fields": {"video": 9, "title": "PiazzaVaticano_shot3", "thumbnail": "videoferracani/PiazzaVaticano_shot3.mp4_thumb.jpg", "arousal_avg": null, "valence_avg": null, "uri": "videoferracani/PiazzaVaticano_shot3.mp4", "processed": false}}, {"model": "frontend.shot", "pk": 10, "fields": {"video": 8, "title": "MuseoRomanticismo_shot1", "thumbnail": "videoferracani/MuseoRomanticismo_shot1.mp4_thumb.jpg", "arousal_avg": null, "valence_avg": null, "uri": "videoferracani/museoRomanticismo_shot1.mp4", "processed": false}}, {"model": "frontend.shot", "pk": 11, "fields": {"video": 8, "title": "MuseoRomanticismo_shot2", "thumbnail": "videoferracani/MuseoRomanticismo_shot2.mp4_thumb.jpg", "arousal_avg": null, "valence_avg": null, "uri": "videoferracani/museoRomanticismo_shot2.mp4", "processed": false}}, {"model": "frontend.shot", "pk": 12, "fields": {"video": 8, "title": "MuseoRomanticismo_shot3", "thumbnail": "videoferracani/MuseoRomanticismo_shot3.mp4_thumb.jpg", "arousal_avg": null, "valence_avg": null, "uri": "videoferracani/museoRomanticismo_shot3.mp4", "processed": false}}, {"model": "frontend.shot", "pk": 13, "fields": {"video": 7, "title": "MuseoFerrari_shot1", "thumbnail": "videoferracani/MuseoFerrari_shot1.mp4_thumb.jpg", "arousal_avg": null, "valence_avg": null, "uri": "videoferracani/museoFerrari_shot1.mp4", "processed": false}}, {"model": "frontend.shot", "pk": 14, "fields": {"video": 7, "title": "MuseoFerrari_shot2", "thumbnail": "videoferracani/MuseoFerrari_shot2.mp4_thumb.jpg", "arousal_avg": null, "valence_avg": null, "uri": "videoferracani/museoFerrari_shot2.mp4", "processed": false}}, {"model": "frontend.shot", "pk": 15, "fields": {"video": 7, "title": "MuseoFerrari_shot3", "thumbnail": "videoferracani/MuseoFerrari_shot3.mp4_thumb.jpg", "arousal_avg": null, "valence_avg": null, "uri": "videoferracani/museoFerrari_shot3.mp4", "processed": false}}, {"model": "frontend.shot", "pk": 16, "fields": {"video": 6, "title": "MuseiVaticani_shot1", "thumbnail": "videoferracani/MuseiVaticani_shot1.mp4_thumb.jpg", "arousal_avg": null, "valence_avg": null, "uri": "videoferracani/museiVaticani_shot1.mp4", "processed": false}}, {"model": "frontend.shot", "pk": 17, "fields": {"video": 6, "title": "MuseiVaticani_shot2", "thumbnail": "videoferracani/MuseiVaticani_shot2.mp4_thumb.jpg", "arousal_avg": null, "valence_avg": null, "uri": "videoferracani/museiVaticani_shot2.mp4", "processed": false}}, {"model": "frontend.shot", "pk": 18, "fields": {"video": 6, "title": "MuseiVaticani_shot3", "thumbnail": "videoferracani/MuseiVaticani_shot3.mp4_thumb.jpg", "arousal_avg": null, "valence_avg": null, "uri": "videoferracani/museiVaticani_shot3.mp4", "processed": false}}, {"model": "frontend.shot", "pk": 19, "fields": {"video": 5, "title": "GalleriaEstense_shot1", "thumbnail": "videoferracani/GalleriaEstense_shot1.mp4_thumb.jpg", "arousal_avg": null, "valence_avg": null, "uri": "videoferracani/GalleriaEstense_shot1.mp4", "processed": false}}, {"model": "frontend.shot", "pk": 20, "fields": {"video": 5, "title": "GalleriaEstense_shot2", "thumbnail": "videoferracani/GalleriaEstense_shot2.mp4_thumb.jpg", "arousal_avg": null, "valence_avg": null, "uri": "videoferracani/GalleriaEstense_shot2.mp4", "processed": false}}, {"model": "frontend.shot", "pk": 21, "fields": {"video": 5, "title": "GalleriaEstense_shot3", "thumbnail": "videoferracani/GalleriaEstense_shot3.mp4_thumb.jpg", "arousal_avg": null, "valence_avg": null, "uri": "videoferracani/GalleriaEstense_shot3.mp4", "processed": false}}, {"model": "frontend.shot", "pk": 22, "fields": {"video": 4, "title": "MuseoEgizio_shot1", "thumbnail": "videoferracani/MuseoEgizio_shot1.mp4_thumb.jpg", "arousal_avg": null, "valence_avg": null, "uri": "videoferracani/MuseoEgizio_shot1.mp4", "processed": false}}, {"model": "frontend.shot", "pk": 23, "fields": {"video": 4, "title": "MuseoEgizio_shot2", "thumbnail": "videoferracani/MuseoEgizio_shot2.mp4_thumb.jpg", "arousal_avg": null, "valence_avg": null, "uri": "videoferracani/MuseoEgizio_shot2.mp4", "processed": false}}, {"model": "frontend.shot", "pk": 24, "fields": {"video": 4, "title": "MuseoEgizio_shot3", "thumbnail": "videoferracani/MuseoEgizio_shot3.mp4_thumb.jpg", "arousal_avg": null, "valence_avg": null, "uri": "videoferracani/MuseoEgizio_shot3.mp4", "processed": false}}, {"model": "frontend.shot", "pk": 25, "fields": {"video": 3, "title": "Pompei_shot1", "thumbnail": "videoferracani/Pompei_shot1.mp4_thumb.jpg", "arousal_avg": null, "valence_avg": null, "uri": "videoferracani/Pompei_shot1.mp4", "processed": false}}, {"model": "frontend.shot", "pk": 26, "fields": {"video": 3, "title": "Pompei_shot2", "thumbnail": "videoferracani/Pompei_shot2.mp4_thumb.jpg", "arousal_avg": null, "valence_avg": null, "uri": "videoferracani/Pompei_shot2.mp4", "processed": false}}, {"model": "frontend.shot", "pk": 27, "fields": {"video": 3, "title": "Pompei_shot3", "thumbnail": "videoferracani/Pompei_shot3.mp4_thumb.jpg", "arousal_avg": null, "valence_avg": null, "uri": "videoferracani/Pompei_shot3.mp4", "processed": false}}, {"model": "frontend.shot", "pk": 28, "fields": {"video": 2, "title": "MuseoNapoli_shot1", "thumbnail": "videoferracani/MuseoNapoli_shot1.mp4_thumb.jpg", "arousal_avg": null, "valence_avg": null, "uri": "videoferracani/MuseoNapoli_shot1.mp4", "processed": false}}, {"model": "frontend.shot", "pk": 29, "fields": {"video": 2, "title": "MuseoNapoli_shot2", "thumbnail": "videoferracani/MuseoNapoli_shot2.mp4_thumb.jpg", "arousal_avg": null, "valence_avg": null, "uri": "videoferracani/MuseoNapoli_shot2.mp4", "processed": false}}, {"model": "frontend.shot", "pk": 30, "fields": {"video": 2, "title": "MuseoNapoli_shot3", "thumbnail": "videoferracani/MuseoNapoli_shot3.mp4_thumb.jpg", "arousal_avg": null, "valence_avg": null, "uri": "videoferracani/MuseoNapoli_shot3.mp4", "processed": false}}, {"model": "frontend.shot", "pk": 33, "fields": {"video": 13, "title": "earth", "thumbnail": "", "arousal_avg": null, "valence_avg": null, "uri": "videoferracani/earth.mp4", "processed": false}}, {"model": "auth.permission", "pk": 1, "fields": {"name": "Can add log entry", "content_type": 1, "codename": "add_logentry"}}, {"model": "auth.permission", "pk": 2, "fields": {"name": "Can change log entry", "content_type": 1, "codename": "change_logentry"}}, {"model": "auth.permission", "pk": 3, "fields": {"name": "Can delete log entry", "content_type": 1, "codename": "delete_logentry"}}, {"model": "auth.permission", "pk": 4, "fields": {"name": "Can add group", "content_type": 2, "codename": "add_group"}}, {"model": "auth.permission", "pk": 5, "fields": {"name": "Can change group", "content_type": 2, "codename": "change_group"}}, {"model": "auth.permission", "pk": 6, "fields": {"name": "Can delete group", "content_type": 2, "codename": "delete_group"}}, {"model": "auth.permission", "pk": 7, "fields": {"name": "Can add permission", "content_type": 3, "codename": "add_permission"}}, {"model": "auth.permission", "pk": 8, "fields": {"name": "Can change permission", "content_type": 3, "codename": "change_permission"}}, {"model": "auth.permission", "pk": 9, "fields": {"name": "Can delete permission", "content_type": 3, "codename": "delete_permission"}}, {"model": "auth.permission", "pk": 10, "fields": {"name": "Can add user", "content_type": 4, "codename": "add_user"}}, {"model": "auth.permission", "pk": 11, "fields": {"name": "Can change user", "content_type": 4, "codename": "change_user"}}, {"model": "auth.permission", "pk": 12, "fields": {"name": "Can delete user", "content_type": 4, "codename": "delete_user"}}, {"model": "auth.permission", "pk": 13, "fields": {"name": "Can add content type", "content_type": 5, "codename": "add_contenttype"}}, {"model": "auth.permission", "pk": 14, "fields": {"name": "Can change content type", "content_type": 5, "codename": "change_contenttype"}}, {"model": "auth.permission", "pk": 15, "fields": {"name": "Can delete content type", "content_type": 5, "codename": "delete_contenttype"}}, {"model": "auth.permission", "pk": 16, "fields": {"name": "Can add session", "content_type": 6, "codename": "add_session"}}, {"model": "auth.permission", "pk": 17, "fields": {"name": "Can change session", "content_type": 6, "codename": "change_session"}}, {"model": "auth.permission", "pk": 18, "fields": {"name": "Can delete session", "content_type": 6, "codename": "delete_session"}}, {"model": "auth.permission", "pk": 19, "fields": {"name": "Can add video", "content_type": 7, "codename": "add_video"}}, {"model": "auth.permission", "pk": 20, "fields": {"name": "Can change video", "content_type": 7, "codename": "change_video"}}, {"model": "auth.permission", "pk": 21, "fields": {"name": "Can delete video", "content_type": 7, "codename": "delete_video"}}, {"model": "auth.permission", "pk": 22, "fields": {"name": "Can add shot", "content_type": 8, "codename": "add_shot"}}, {"model": "auth.permission", "pk": 23, "fields": {"name": "Can change shot", "content_type": 8, "codename": "change_shot"}}, {"model": "auth.permission", "pk": 24, "fields": {"name": "Can delete shot", "content_type": 8, "codename": "delete_shot"}}, {"model": "auth.permission", "pk": 25, "fields": {"name": "Can add annotation", "content_type": 9, "codename": "add_annotation"}}, {"model": "auth.permission", "pk": 26, "fields": {"name": "Can change annotation", "content_type": 9, "codename": "change_annotation"}}, {"model": "auth.permission", "pk": 27, "fields": {"name": "Can delete annotation", "content_type": 9, "codename": "delete_annotation"}}, {"model": "auth.permission", "pk": 28, "fields": {"name": "Can add user", "content_type": 10, "codename": "add_customuser"}}, {"model": "auth.permission", "pk": 29, "fields": {"name": "Can change user", "content_type": 10, "codename": "change_customuser"}}, {"model": "auth.permission", "pk": 30, "fields": {"name": "Can delete user", "content_type": 10, "codename": "delete_customuser"}}, {"model": "accounts.customuser", "pk": 1, "fields": {"password": "pbkdf2_sha256$36000$LiRPywNTScgi$W8XuAU3puRTx92wot8fHmSAeXvOd+LWyqi1AaxaoSA4=", "last_login": "2019-10-14T10:09:56.899Z", "is_superuser": true, "username": "admin", "first_name": "", "last_name": "", "email": "paolobigli@gmail.com", "is_staff": true, "is_active": true, "date_joined": "2019-09-28T15:42:04Z", "is_approved": true, "groups": [], "user_permissions": []}}, {"model": "accounts.customuser", "pk": 5, "fields": {"password": "pbkdf2_sha256$36000$rD7rAMBUDX31$BTGInhMKNaiDyhj8UrZN3rJWFvW2LzxRFswx96qFXYM=", "last_login": "2019-10-04T17:41:24.118Z", "is_superuser": false, "username": "testuser", "first_name": "", "last_name": "", "email": "test@gmail.com", "is_staff": false, "is_active": true, "date_joined": "2019-10-04T09:54:59.404Z", "is_approved": true, "groups": [], "user_permissions": []}}, {"model": "accounts.customuser", "pk": 6, "fields": {"password": "pbkdf2_sha256$36000$zwma84wisp8k$uTeYWOxrDrR35NNF1R5zia+PSxlLOAxnC7fziZqoxno=", "last_login": null, "is_superuser": false, "username": "userprova", "first_name": "", "last_name": "", "email": "prova@test.com", "is_staff": false, "is_active": true, "date_joined": "2019-10-05T14:15:15.333Z", "is_approved": false, "groups": [], "user_permissions": []}}, {"model": "accounts.customuser", "pk": 7, "fields": {"password": "pbkdf2_sha256$36000$JxOW73S2zFje$pwlLySBsL00d2TxulF4MXGIp1icl4fvURvQtm/AQgXg=", "last_login": null, "is_superuser": false, "username": "prova", "first_name": "", "last_name": "", "email": "test@email.it", "is_staff": false, "is_active": true, "date_joined": "2019-10-05T14:20:09.051Z", "is_approved": false, "groups": [], "user_permissions": []}}, {"model": "frontend.annotation", "pk": 82, "fields": {"shot": 2, "startAnnotation": "0", "endAnnotation": "0", "arousal": 8, "valence": 2, "user": 5}}, {"model": "frontend.annotation", "pk": 83, "fields": {"shot": 2, "startAnnotation": "2.492163", "endAnnotation": "7.629513", "arousal": 5, "valence": 5, "user": 5}}, {"model": "frontend.annotation", "pk": 117, "fields": {"shot": 2, "startAnnotation": "0", "endAnnotation": "0", "arousal": 10, "valence": 10, "user": 1}}, {"model": "frontend.annotation", "pk": 118, "fields": {"shot": 3, "startAnnotation": "0", "endAnnotation": "0", "arousal": 3, "valence": 6, "user": 1}}, {"model": "admin.logentry", "pk": 1, "fields": {"action_time": "2019-07-01T13:37:10.337Z", "user": 1, "content_type": 8, "object_id": "1", "object_repr": "shot id: 1", "action_flag": 2, "change_message": "[{\"changed\": {\"fields\": [\"thumbnail\", \"uri\"]}}]"}}, {"model": "admin.logentry", "pk": 2, "fields": {"action_time": "2019-07-01T13:37:28.735Z", "user": 1, "content_type": 8, "object_id": "2", "object_repr": "shot id: 2", "action_flag": 2, "change_message": "[{\"changed\": {\"fields\": [\"thumbnail\", \"uri\"]}}]"}}, {"model": "admin.logentry", "pk": 3, "fields": {"action_time": "2019-07-01T13:37:38.250Z", "user": 1, "content_type": 8, "object_id": "3", "object_repr": "shot id: 3", "action_flag": 2, "change_message": "[{\"changed\": {\"fields\": [\"thumbnail\", \"uri\"]}}]"}}, {"model": "admin.logentry", "pk": 4, "fields": {"action_time": "2019-07-01T13:37:45.064Z", "user": 1, "content_type": 8, "object_id": "4", "object_repr": "shot id: 4", "action_flag": 2, "change_message": "[{\"changed\": {\"fields\": [\"thumbnail\", \"uri\"]}}]"}}, {"model": "admin.logentry", "pk": 5, "fields": {"action_time": "2019-07-01T13:37:58.723Z", "user": 1, "content_type": 8, "object_id": "5", "object_repr": "shot id: 5", "action_flag": 2, "change_message": "[{\"changed\": {\"fields\": [\"thumbnail\", \"uri\"]}}]"}}, {"model": "admin.logentry", "pk": 6, "fields": {"action_time": "2019-07-01T13:38:19.782Z", "user": 1, "content_type": 8, "object_id": "1", "object_repr": "shot id: 1", "action_flag": 2, "change_message": "[]"}}, {"model": "admin.logentry", "pk": 7, "fields": {"action_time": "2019-07-01T13:39:30.980Z", "user": 1, "content_type": 8, "object_id": "1", "object_repr": "shot id: 1", "action_flag": 2, "change_message": "[{\"changed\": {\"fields\": [\"thumbnail\", \"uri\"]}}]"}}, {"model": "admin.logentry", "pk": 8, "fields": {"action_time": "2019-07-01T13:39:56.595Z", "user": 1, "content_type": 8, "object_id": "1", "object_repr": "shot id: 1", "action_flag": 2, "change_message": "[]"}}, {"model": "admin.logentry", "pk": 9, "fields": {"action_time": "2019-07-01T13:40:03.973Z", "user": 1, "content_type": 8, "object_id": "2", "object_repr": "shot id: 2", "action_flag": 2, "change_message": "[{\"changed\": {\"fields\": [\"thumbnail\", \"uri\"]}}]"}}, {"model": "admin.logentry", "pk": 10, "fields": {"action_time": "2019-07-01T13:40:11.211Z", "user": 1, "content_type": 8, "object_id": "3", "object_repr": "shot id: 3", "action_flag": 2, "change_message": "[{\"changed\": {\"fields\": [\"thumbnail\", \"uri\"]}}]"}}, {"model": "admin.logentry", "pk": 11, "fields": {"action_time": "2019-07-01T13:40:16.045Z", "user": 1, "content_type": 8, "object_id": "3", "object_repr": "shot id: 3", "action_flag": 2, "change_message": "[]"}}, {"model": "admin.logentry", "pk": 12, "fields": {"action_time": "2019-07-01T13:40:23.971Z", "user": 1, "content_type": 8, "object_id": "4", "object_repr": "shot id: 4", "action_flag": 2, "change_message": "[{\"changed\": {\"fields\": [\"thumbnail\", \"uri\"]}}]"}}, {"model": "admin.logentry", "pk": 13, "fields": {"action_time": "2019-07-01T13:40:28.252Z", "user": 1, "content_type": 8, "object_id": "4", "object_repr": "shot id: 4", "action_flag": 2, "change_message": "[]"}}, {"model": "admin.logentry", "pk": 14, "fields": {"action_time": "2019-07-01T13:40:32.311Z", "user": 1, "content_type": 8, "object_id": "4", "object_repr": "shot id: 4", "action_flag": 2, "change_message": "[]"}}, {"model": "admin.logentry", "pk": 15, "fields": {"action_time": "2019-07-01T13:40:40.848Z", "user": 1, "content_type": 8, "object_id": "5", "object_repr": "shot id: 5", "action_flag": 2, "change_message": "[{\"changed\": {\"fields\": [\"thumbnail\", \"uri\"]}}]"}}, {"model": "admin.logentry", "pk": 16, "fields": {"action_time": "2019-07-01T13:40:45.887Z", "user": 1, "content_type": 8, "object_id": "4", "object_repr": "shot id: 4", "action_flag": 2, "change_message": "[]"}}, {"model": "admin.logentry", "pk": 17, "fields": {"action_time": "2019-07-01T13:40:54.280Z", "user": 1, "content_type": 8, "object_id": "6", "object_repr": "shot id: 6", "action_flag": 2, "change_message": "[{\"changed\": {\"fields\": [\"thumbnail\", \"uri\"]}}]"}}, {"model": "admin.logentry", "pk": 18, "fields": {"action_time": "2019-07-01T13:41:02.374Z", "user": 1, "content_type": 8, "object_id": "7", "object_repr": "shot id: 7", "action_flag": 2, "change_message": "[{\"changed\": {\"fields\": [\"thumbnail\", \"uri\"]}}]"}}, {"model": "admin.logentry", "pk": 19, "fields": {"action_time": "2019-07-01T13:41:13.216Z", "user": 1, "content_type": 8, "object_id": "8", "object_repr": "shot id: 8", "action_flag": 2, "change_message": "[{\"changed\": {\"fields\": [\"thumbnail\", \"uri\"]}}]"}}, {"model": "admin.logentry", "pk": 20, "fields": {"action_time": "2019-07-01T13:41:17.849Z", "user": 1, "content_type": 8, "object_id": "7", "object_repr": "shot id: 7", "action_flag": 2, "change_message": "[]"}}, {"model": "admin.logentry", "pk": 21, "fields": {"action_time": "2019-07-01T13:41:23Z", "user": 1, "content_type": 8, "object_id": "8", "object_repr": "shot id: 8", "action_flag": 2, "change_message": "[]"}}, {"model": "admin.logentry", "pk": 22, "fields": {"action_time": "2019-07-01T13:41:31.744Z", "user": 1, "content_type": 8, "object_id": "9", "object_repr": "shot id: 9", "action_flag": 2, "change_message": "[{\"changed\": {\"fields\": [\"thumbnail\", \"uri\"]}}]"}}, {"model": "admin.logentry", "pk": 23, "fields": {"action_time": "2019-07-01T13:41:37.226Z", "user": 1, "content_type": 8, "object_id": "9", "object_repr": "shot id: 9", "action_flag": 2, "change_message": "[]"}}, {"model": "admin.logentry", "pk": 24, "fields": {"action_time": "2019-07-01T13:41:51.739Z", "user": 1, "content_type": 8, "object_id": "10", "object_repr": "shot id: 10", "action_flag": 2, "change_message": "[{\"changed\": {\"fields\": [\"thumbnail\", \"uri\"]}}]"}}, {"model": "admin.logentry", "pk": 25, "fields": {"action_time": "2019-07-01T13:42:02.939Z", "user": 1, "content_type": 8, "object_id": "12", "object_repr": "shot id: 12", "action_flag": 2, "change_message": "[{\"changed\": {\"fields\": [\"thumbnail\", \"uri\"]}}]"}}, {"model": "admin.logentry", "pk": 26, "fields": {"action_time": "2019-07-01T13:42:10.627Z", "user": 1, "content_type": 8, "object_id": "11", "object_repr": "shot id: 11", "action_flag": 2, "change_message": "[{\"changed\": {\"fields\": [\"thumbnail\", \"uri\"]}}]"}}, {"model": "admin.logentry", "pk": 27, "fields": {"action_time": "2019-07-01T13:42:15.881Z", "user": 1, "content_type": 8, "object_id": "12", "object_repr": "shot id: 12", "action_flag": 2, "change_message": "[]"}}, {"model": "admin.logentry", "pk": 28, "fields": {"action_time": "2019-07-01T13:42:24.644Z", "user": 1, "content_type": 8, "object_id": "13", "object_repr": "shot id: 13", "action_flag": 2, "change_message": "[{\"changed\": {\"fields\": [\"thumbnail\", \"uri\"]}}]"}}, {"model": "admin.logentry", "pk": 29, "fields": {"action_time": "2019-07-01T13:42:36.147Z", "user": 1, "content_type": 8, "object_id": "14", "object_repr": "shot id: 14", "action_flag": 2, "change_message": "[{\"changed\": {\"fields\": [\"thumbnail\", \"uri\"]}}]"}}, {"model": "admin.logentry", "pk": 30, "fields": {"action_time": "2019-07-01T13:42:44.931Z", "user": 1, "content_type": 8, "object_id": "15", "object_repr": "shot id: 15", "action_flag": 2, "change_message": "[{\"changed\": {\"fields\": [\"thumbnail\", \"uri\"]}}]"}}, {"model": "admin.logentry", "pk": 31, "fields": {"action_time": "2019-07-01T13:42:52.017Z", "user": 1, "content_type": 8, "object_id": "16", "object_repr": "shot id: 16", "action_flag": 2, "change_message": "[{\"changed\": {\"fields\": [\"thumbnail\", \"uri\"]}}]"}}, {"model": "admin.logentry", "pk": 32, "fields": {"action_time": "2019-07-01T13:43:01.384Z", "user": 1, "content_type": 8, "object_id": "17", "object_repr": "shot id: 17", "action_flag": 2, "change_message": "[{\"changed\": {\"fields\": [\"thumbnail\", \"uri\"]}}]"}}, {"model": "admin.logentry", "pk": 33, "fields": {"action_time": "2019-07-01T13:43:08.037Z", "user": 1, "content_type": 8, "object_id": "17", "object_repr": "shot id: 17", "action_flag": 2, "change_message": "[]"}}, {"model": "admin.logentry", "pk": 34, "fields": {"action_time": "2019-07-01T13:43:19.424Z", "user": 1, "content_type": 8, "object_id": "18", "object_repr": "shot id: 18", "action_flag": 2, "change_message": "[{\"changed\": {\"fields\": [\"thumbnail\", \"uri\"]}}]"}}, {"model": "admin.logentry", "pk": 35, "fields": {"action_time": "2019-07-01T13:43:28.003Z", "user": 1, "content_type": 8, "object_id": "19", "object_repr": "shot id: 19", "action_flag": 2, "change_message": "[{\"changed\": {\"fields\": [\"thumbnail\", \"uri\"]}}]"}}, {"model": "admin.logentry", "pk": 36, "fields": {"action_time": "2019-07-01T13:43:35.125Z", "user": 1, "content_type": 8, "object_id": "19", "object_repr": "shot id: 19", "action_flag": 2, "change_message": "[]"}}, {"model": "admin.logentry", "pk": 37, "fields": {"action_time": "2019-07-01T13:43:39.152Z", "user": 1, "content_type": 8, "object_id": "18", "object_repr": "shot id: 18", "action_flag": 2, "change_message": "[]"}}, {"model": "admin.logentry", "pk": 38, "fields": {"action_time": "2019-07-01T13:43:48.442Z", "user": 1, "content_type": 8, "object_id": "20", "object_repr": "shot id: 20", "action_flag": 2, "change_message": "[{\"changed\": {\"fields\": [\"thumbnail\", \"uri\"]}}]"}}, {"model": "admin.logentry", "pk": 39, "fields": {"action_time": "2019-07-01T13:43:56.598Z", "user": 1, "content_type": 8, "object_id": "21", "object_repr": "shot id: 21", "action_flag": 2, "change_message": "[{\"changed\": {\"fields\": [\"thumbnail\", \"uri\"]}}]"}}, {"model": "admin.logentry", "pk": 40, "fields": {"action_time": "2019-07-01T13:44:09.757Z", "user": 1, "content_type": 8, "object_id": "22", "object_repr": "shot id: 22", "action_flag": 2, "change_message": "[{\"changed\": {\"fields\": [\"thumbnail\", \"uri\"]}}]"}}, {"model": "admin.logentry", "pk": 41, "fields": {"action_time": "2019-07-01T13:44:22.709Z", "user": 1, "content_type": 8, "object_id": "23", "object_repr": "shot id: 23", "action_flag": 2, "change_message": "[{\"changed\": {\"fields\": [\"thumbnail\", \"uri\"]}}]"}}, {"model": "admin.logentry", "pk": 42, "fields": {"action_time": "2019-07-01T13:44:33.198Z", "user": 1, "content_type": 8, "object_id": "24", "object_repr": "shot id: 24", "action_flag": 2, "change_message": "[{\"changed\": {\"fields\": [\"thumbnail\", \"uri\"]}}]"}}, {"model": "admin.logentry", "pk": 43, "fields": {"action_time": "2019-07-01T13:44:41.449Z", "user": 1, "content_type": 8, "object_id": "25", "object_repr": "shot id: 25", "action_flag": 2, "change_message": "[{\"changed\": {\"fields\": [\"thumbnail\", \"uri\"]}}]"}}, {"model": "admin.logentry", "pk": 44, "fields": {"action_time": "2019-07-01T13:44:50.089Z", "user": 1, "content_type": 8, "object_id": "26", "object_repr": "shot id: 26", "action_flag": 2, "change_message": "[{\"changed\": {\"fields\": [\"thumbnail\", \"uri\"]}}]"}}, {"model": "admin.logentry", "pk": 45, "fields": {"action_time": "2019-07-01T13:44:58.988Z", "user": 1, "content_type": 8, "object_id": "27", "object_repr": "shot id: 27", "action_flag": 2, "change_message": "[{\"changed\": {\"fields\": [\"thumbnail\", \"uri\"]}}]"}}, {"model": "admin.logentry", "pk": 46, "fields": {"action_time": "2019-07-01T13:45:07.189Z", "user": 1, "content_type": 8, "object_id": "28", "object_repr": "shot id: 28", "action_flag": 2, "change_message": "[{\"changed\": {\"fields\": [\"thumbnail\", \"uri\"]}}]"}}, {"model": "admin.logentry", "pk": 47, "fields": {"action_time": "2019-07-01T13:45:18.727Z", "user": 1, "content_type": 8, "object_id": "29", "object_repr": "shot id: 29", "action_flag": 2, "change_message": "[{\"changed\": {\"fields\": [\"thumbnail\", \"uri\"]}}]"}}, {"model": "admin.logentry", "pk": 48, "fields": {"action_time": "2019-07-01T13:45:26.411Z", "user": 1, "content_type": 8, "object_id": "30", "object_repr": "shot id: 30", "action_flag": 2, "change_message": "[{\"changed\": {\"fields\": [\"thumbnail\", \"uri\"]}}]"}}, {"model": "admin.logentry", "pk": 49, "fields": {"action_time": "2019-07-01T13:45:37.461Z", "user": 1, "content_type": 8, "object_id": "31", "object_repr": "shot id: 31", "action_flag": 2, "change_message": "[{\"changed\": {\"fields\": [\"uri\"]}}]"}}, {"model": "admin.logentry", "pk": 50, "fields": {"action_time": "2019-07-01T13:48:03.458Z", "user": 1, "content_type": 7, "object_id": "12", "object_repr": "crash videoferracani/test/crash.mp4", "action_flag": 2, "change_message": "[{\"changed\": {\"fields\": [\"uri\"]}}]"}}, {"model": "admin.logentry", "pk": 51, "fields": {"action_time": "2019-07-01T13:48:10.675Z", "user": 1, "content_type": 7, "object_id": "11", "object_repr": "Superquark1 videoferracani/superquark1.mp4", "action_flag": 2, "change_message": "[{\"changed\": {\"fields\": [\"uri\"]}}]"}}, {"model": "admin.logentry", "pk": 52, "fields": {"action_time": "2019-07-01T13:48:16.715Z", "user": 1, "content_type": 7, "object_id": "10", "object_repr": "Superquark2 videoferracani/superquark2.mp4", "action_flag": 2, "change_message": "[{\"changed\": {\"fields\": [\"uri\"]}}]"}}, {"model": "admin.logentry", "pk": 53, "fields": {"action_time": "2019-07-01T13:48:21.194Z", "user": 1, "content_type": 7, "object_id": "9", "object_repr": "PiazzaVaticano videoferracani/piazzaVaticano.mp4", "action_flag": 2, "change_message": "[{\"changed\": {\"fields\": [\"uri\"]}}]"}}, {"model": "admin.logentry", "pk": 54, "fields": {"action_time": "2019-07-01T13:48:28.215Z", "user": 1, "content_type": 7, "object_id": "8", "object_repr": "MuseoRomanticismo videoferracani/museoRomanticismo.mp4", "action_flag": 2, "change_message": "[{\"changed\": {\"fields\": [\"uri\"]}}]"}}, {"model": "admin.logentry", "pk": 55, "fields": {"action_time": "2019-07-01T13:48:34.993Z", "user": 1, "content_type": 7, "object_id": "7", "object_repr": "MuseoFerrari frontend/videoferracani/museoFerrari.mp4", "action_flag": 2, "change_message": "[{\"changed\": {\"fields\": [\"uri\"]}}]"}}, {"model": "admin.logentry", "pk": 56, "fields": {"action_time": "2019-07-01T13:48:40.233Z", "user": 1, "content_type": 7, "object_id": "6", "object_repr": "MuseiVaticani videoferracani/Museivaticani.mp4", "action_flag": 2, "change_message": "[{\"changed\": {\"fields\": [\"uri\"]}}]"}}, {"model": "admin.logentry", "pk": 57, "fields": {"action_time": "2019-07-01T13:48:45.955Z", "user": 1, "content_type": 7, "object_id": "5", "object_repr": "GalleriaEstense videoferracani/galleriaEstense.mp4", "action_flag": 2, "change_message": "[{\"changed\": {\"fields\": [\"uri\"]}}]"}}, {"model": "admin.logentry", "pk": 58, "fields": {"action_time": "2019-07-01T13:48:51.381Z", "user": 1, "content_type": 7, "object_id": "7", "object_repr": "MuseoFerrari videoferracani/museoFerrari.mp4", "action_flag": 2, "change_message": "[{\"changed\": {\"fields\": [\"uri\"]}}]"}}, {"model": "admin.logentry", "pk": 59, "fields": {"action_time": "2019-07-01T13:48:56.065Z", "user": 1, "content_type": 7, "object_id": "4", "object_repr": "MuseoEgizio videoferracani/museoEgizio.mp4", "action_flag": 2, "change_message": "[{\"changed\": {\"fields\": [\"uri\"]}}]"}}, {"model": "admin.logentry", "pk": 60, "fields": {"action_time": "2019-07-01T13:49:01.475Z", "user": 1, "content_type": 7, "object_id": "3", "object_repr": "Pompei frontend/videoferracani/Pompei.mp4", "action_flag": 2, "change_message": "[{\"changed\": {\"fields\": [\"uri\"]}}]"}}, {"model": "admin.logentry", "pk": 61, "fields": {"action_time": "2019-07-01T13:49:06.037Z", "user": 1, "content_type": 7, "object_id": "2", "object_repr": "MuseoNapoli videoferracani/museoNapoli.mp4", "action_flag": 2, "change_message": "[{\"changed\": {\"fields\": [\"uri\"]}}]"}}, {"model": "admin.logentry", "pk": 62, "fields": {"action_time": "2019-07-10T07:40:36.963Z", "user": 1, "content_type": 7, "object_id": "11", "object_repr": "Superquark1 videoferracani/superquark1.mp4", "action_flag": 2, "change_message": "[{\"changed\": {\"fields\": [\"uri\"]}}]"}}, {"model": "admin.logentry", "pk": 63, "fields": {"action_time": "2019-07-10T07:40:44.964Z", "user": 1, "content_type": 7, "object_id": "10", "object_repr": "Superquark2 videoferracani/superquark2.mp4", "action_flag": 2, "change_message": "[{\"changed\": {\"fields\": [\"uri\"]}}]"}}, {"model": "admin.logentry", "pk": 64, "fields": {"action_time": "2019-07-10T07:40:50.995Z", "user": 1, "content_type": 7, "object_id": "9", "object_repr": "PiazzaVaticano videoferracani/piazzaVaticano.mp4", "action_flag": 2, "change_message": "[{\"changed\": {\"fields\": [\"uri\"]}}]"}}, {"model": "admin.logentry", "pk": 65, "fields": {"action_time": "2019-07-10T07:40:57.369Z", "user": 1, "content_type": 7, "object_id": "8", "object_repr": "MuseoRomanticismo http://0.0.0.0:8000/frontend/videoferracani/museoRomanticismo.mp4", "action_flag": 2, "change_message": "[]"}}, {"model": "admin.logentry", "pk": 66, "fields": {"action_time": "2019-07-10T07:41:02.802Z", "user": 1, "content_type": 7, "object_id": "8", "object_repr": "MuseoRomanticismo videoferracani/museoRomanticismo.mp4", "action_flag": 2, "change_message": "[{\"changed\": {\"fields\": [\"uri\"]}}]"}}, {"model": "admin.logentry", "pk": 67, "fields": {"action_time": "2019-07-10T07:41:08.567Z", "user": 1, "content_type": 7, "object_id": "7", "object_repr": "MuseoFerrari videoferracani/museoFerrari.mp4", "action_flag": 2, "change_message": "[{\"changed\": {\"fields\": [\"uri\"]}}]"}}, {"model": "admin.logentry", "pk": 68, "fields": {"action_time": "2019-07-10T07:41:15.198Z", "user": 1, "content_type": 7, "object_id": "6", "object_repr": "MuseiVaticani videoferracani/Museivaticani.mp4", "action_flag": 2, "change_message": "[{\"changed\": {\"fields\": [\"uri\"]}}]"}}, {"model": "admin.logentry", "pk": 69, "fields": {"action_time": "2019-07-10T07:41:20.469Z", "user": 1, "content_type": 7, "object_id": "5", "object_repr": "GalleriaEstense videoferracani/galleriaEstense.mp4", "action_flag": 2, "change_message": "[{\"changed\": {\"fields\": [\"uri\"]}}]"}}, {"model": "admin.logentry", "pk": 70, "fields": {"action_time": "2019-07-10T07:41:29.396Z", "user": 1, "content_type": 7, "object_id": "4", "object_repr": "MuseoEgizio videoferracani/museoEgizio.mp4", "action_flag": 2, "change_message": "[{\"changed\": {\"fields\": [\"uri\"]}}]"}}, {"model": "admin.logentry", "pk": 71, "fields": {"action_time": "2019-07-10T07:41:34.898Z", "user": 1, "content_type": 7, "object_id": "3", "object_repr": "Pompei videoferracani/Pompei.mp4", "action_flag": 2, "change_message": "[{\"changed\": {\"fields\": [\"uri\"]}}]"}}, {"model": "admin.logentry", "pk": 72, "fields": {"action_time": "2019-07-10T07:41:39.824Z", "user": 1, "content_type": 7, "object_id": "2", "object_repr": "MuseoNapoli videoferracani/museoNapoli.mp4", "action_flag": 2, "change_message": "[{\"changed\": {\"fields\": [\"uri\"]}}]"}}, {"model": "admin.logentry", "pk": 73, "fields": {"action_time": "2019-07-10T07:41:53.757Z", "user": 1, "content_type": 7, "object_id": "2", "object_repr": "MuseoNapoli videoferracani/museoNapoli.mp4", "action_flag": 2, "change_message": "[]"}}, {"model": "admin.logentry", "pk": 74, "fields": {"action_time": "2019-07-10T07:42:34.469Z", "user": 1, "content_type": 8, "object_id": "1", "object_repr": "shot id: 1", "action_flag": 2, "change_message": "[{\"changed\": {\"fields\": [\"thumbnail\", \"uri\"]}}]"}}, {"model": "admin.logentry", "pk": 75, "fields": {"action_time": "2019-07-10T07:43:00.810Z", "user": 1, "content_type": 8, "object_id": "2", "object_repr": "shot id: 2", "action_flag": 2, "change_message": "[{\"changed\": {\"fields\": [\"thumbnail\", \"uri\"]}}]"}}, {"model": "admin.logentry", "pk": 76, "fields": {"action_time": "2019-07-10T07:43:10.463Z", "user": 1, "content_type": 8, "object_id": "3", "object_repr": "shot id: 3", "action_flag": 2, "change_message": "[{\"changed\": {\"fields\": [\"thumbnail\", \"uri\"]}}]"}}, {"model": "admin.logentry", "pk": 77, "fields": {"action_time": "2019-07-10T07:43:17.373Z", "user": 1, "content_type": 8, "object_id": "4", "object_repr": "shot id: 4", "action_flag": 2, "change_message": "[{\"changed\": {\"fields\": [\"thumbnail\", \"uri\"]}}]"}}, {"model": "admin.logentry", "pk": 78, "fields": {"action_time": "2019-07-10T07:43:25.037Z", "user": 1, "content_type": 8, "object_id": "5", "object_repr": "shot id: 5", "action_flag": 2, "change_message": "[{\"changed\": {\"fields\": [\"thumbnail\", \"uri\"]}}]"}}, {"model": "admin.logentry", "pk": 79, "fields": {"action_time": "2019-07-10T07:43:32.180Z", "user": 1, "content_type": 8, "object_id": "6", "object_repr": "shot id: 6", "action_flag": 2, "change_message": "[{\"changed\": {\"fields\": [\"thumbnail\", \"uri\"]}}]"}}, {"model": "admin.logentry", "pk": 80, "fields": {"action_time": "2019-07-10T07:43:40.326Z", "user": 1, "content_type": 8, "object_id": "7", "object_repr": "shot id: 7", "action_flag": 2, "change_message": "[{\"changed\": {\"fields\": [\"thumbnail\", \"uri\"]}}]"}}, {"model": "admin.logentry", "pk": 81, "fields": {"action_time": "2019-07-10T07:43:48.736Z", "user": 1, "content_type": 8, "object_id": "8", "object_repr": "shot id: 8", "action_flag": 2, "change_message": "[{\"changed\": {\"fields\": [\"thumbnail\", \"uri\"]}}]"}}, {"model": "admin.logentry", "pk": 82, "fields": {"action_time": "2019-07-10T07:43:56.578Z", "user": 1, "content_type": 8, "object_id": "9", "object_repr": "shot id: 9", "action_flag": 2, "change_message": "[{\"changed\": {\"fields\": [\"thumbnail\", \"uri\"]}}]"}}, {"model": "admin.logentry", "pk": 83, "fields": {"action_time": "2019-07-10T07:44:03.184Z", "user": 1, "content_type": 8, "object_id": "9", "object_repr": "shot id: 9", "action_flag": 2, "change_message": "[]"}}, {"model": "admin.logentry", "pk": 84, "fields": {"action_time": "2019-07-10T07:44:07.842Z", "user": 1, "content_type": 8, "object_id": "8", "object_repr": "shot id: 8", "action_flag": 2, "change_message": "[]"}}, {"model": "admin.logentry", "pk": 85, "fields": {"action_time": "2019-07-10T07:44:20.691Z", "user": 1, "content_type": 8, "object_id": "10", "object_repr": "shot id: 10", "action_flag": 2, "change_message": "[{\"changed\": {\"fields\": [\"thumbnail\", \"uri\"]}}]"}}, {"model": "admin.logentry", "pk": 86, "fields": {"action_time": "2019-07-10T07:44:25.692Z", "user": 1, "content_type": 8, "object_id": "10", "object_repr": "shot id: 10", "action_flag": 2, "change_message": "[]"}}, {"model": "admin.logentry", "pk": 87, "fields": {"action_time": "2019-07-10T07:44:34Z", "user": 1, "content_type": 8, "object_id": "11", "object_repr": "shot id: 11", "action_flag": 2, "change_message": "[{\"changed\": {\"fields\": [\"thumbnail\", \"uri\"]}}]"}}, {"model": "admin.logentry", "pk": 88, "fields": {"action_time": "2019-07-10T07:44:44.100Z", "user": 1, "content_type": 8, "object_id": "12", "object_repr": "shot id: 12", "action_flag": 2, "change_message": "[{\"changed\": {\"fields\": [\"thumbnail\", \"uri\"]}}]"}}, {"model": "admin.logentry", "pk": 89, "fields": {"action_time": "2019-07-10T07:44:48.244Z", "user": 1, "content_type": 8, "object_id": "12", "object_repr": "shot id: 12", "action_flag": 2, "change_message": "[]"}}, {"model": "admin.logentry", "pk": 90, "fields": {"action_time": "2019-07-10T07:44:51.717Z", "user": 1, "content_type": 8, "object_id": "11", "object_repr": "shot id: 11", "action_flag": 2, "change_message": "[]"}}, {"model": "admin.logentry", "pk": 91, "fields": {"action_time": "2019-07-10T07:45:01.045Z", "user": 1, "content_type": 8, "object_id": "13", "object_repr": "shot id: 13", "action_flag": 2, "change_message": "[{\"changed\": {\"fields\": [\"thumbnail\", \"uri\"]}}]"}}, {"model": "admin.logentry", "pk": 92, "fields": {"action_time": "2019-07-10T07:45:10.117Z", "user": 1, "content_type": 8, "object_id": "14", "object_repr": "shot id: 14", "action_flag": 2, "change_message": "[{\"changed\": {\"fields\": [\"thumbnail\", \"uri\"]}}]"}}, {"model": "admin.logentry", "pk": 93, "fields": {"action_time": "2019-07-10T07:45:17.402Z", "user": 1, "content_type": 8, "object_id": "15", "object_repr": "shot id: 15", "action_flag": 2, "change_message": "[{\"changed\": {\"fields\": [\"thumbnail\", \"uri\"]}}]"}}, {"model": "admin.logentry", "pk": 94, "fields": {"action_time": "2019-07-10T07:45:24.920Z", "user": 1, "content_type": 8, "object_id": "16", "object_repr": "shot id: 16", "action_flag": 2, "change_message": "[{\"changed\": {\"fields\": [\"thumbnail\", \"uri\"]}}]"}}, {"model": "admin.logentry", "pk": 95, "fields": {"action_time": "2019-07-10T07:45:33.157Z", "user": 1, "content_type": 8, "object_id": "17", "object_repr": "shot id: 17", "action_flag": 2, "change_message": "[{\"changed\": {\"fields\": [\"thumbnail\", \"uri\"]}}]"}}, {"model": "admin.logentry", "pk": 96, "fields": {"action_time": "2019-07-10T07:45:44.617Z", "user": 1, "content_type": 8, "object_id": "19", "object_repr": "shot id: 19", "action_flag": 2, "change_message": "[{\"changed\": {\"fields\": [\"thumbnail\", \"uri\"]}}]"}}, {"model": "admin.logentry", "pk": 97, "fields": {"action_time": "2019-07-10T07:45:49.889Z", "user": 1, "content_type": 8, "object_id": "19", "object_repr": "shot id: 19", "action_flag": 2, "change_message": "[]"}}, {"model": "admin.logentry", "pk": 98, "fields": {"action_time": "2019-07-10T07:45:57.812Z", "user": 1, "content_type": 8, "object_id": "20", "object_repr": "shot id: 20", "action_flag": 2, "change_message": "[{\"changed\": {\"fields\": [\"thumbnail\", \"uri\"]}}]"}}, {"model": "admin.logentry", "pk": 99, "fields": {"action_time": "2019-07-10T07:46:02.051Z", "user": 1, "content_type": 8, "object_id": "20", "object_repr": "shot id: 20", "action_flag": 2, "change_message": "[]"}}, {"model": "admin.logentry", "pk": 100, "fields": {"action_time": "2019-07-10T07:46:07.069Z", "user": 1, "content_type": 8, "object_id": "20", "object_repr": "shot id: 20", "action_flag": 2, "change_message": "[]"}}, {"model": "admin.logentry", "pk": 101, "fields": {"action_time": "2019-07-10T07:46:16.399Z", "user": 1, "content_type": 8, "object_id": "21", "object_repr": "shot id: 21", "action_flag": 2, "change_message": "[{\"changed\": {\"fields\": [\"thumbnail\", \"uri\"]}}]"}}, {"model": "admin.logentry", "pk": 102, "fields": {"action_time": "2019-07-10T07:46:23.529Z", "user": 1, "content_type": 8, "object_id": "22", "object_repr": "shot id: 22", "action_flag": 2, "change_message": "[{\"changed\": {\"fields\": [\"thumbnail\", \"uri\"]}}]"}}, {"model": "admin.logentry", "pk": 103, "fields": {"action_time": "2019-07-10T07:46:30.551Z", "user": 1, "content_type": 8, "object_id": "23", "object_repr": "shot id: 23", "action_flag": 2, "change_message": "[{\"changed\": {\"fields\": [\"thumbnail\", \"uri\"]}}]"}}, {"model": "admin.logentry", "pk": 104, "fields": {"action_time": "2019-07-10T07:46:38.174Z", "user": 1, "content_type": 8, "object_id": "24", "object_repr": "shot id: 24", "action_flag": 2, "change_message": "[{\"changed\": {\"fields\": [\"thumbnail\", \"uri\"]}}]"}}, {"model": "admin.logentry", "pk": 105, "fields": {"action_time": "2019-07-10T07:46:46.131Z", "user": 1, "content_type": 8, "object_id": "26", "object_repr": "shot id: 26", "action_flag": 2, "change_message": "[{\"changed\": {\"fields\": [\"thumbnail\", \"uri\"]}}]"}}, {"model": "admin.logentry", "pk": 106, "fields": {"action_time": "2019-07-10T07:46:54.993Z", "user": 1, "content_type": 8, "object_id": "27", "object_repr": "shot id: 27", "action_flag": 2, "change_message": "[{\"changed\": {\"fields\": [\"thumbnail\", \"uri\"]}}]"}}, {"model": "admin.logentry", "pk": 107, "fields": {"action_time": "2019-07-10T07:47:03.473Z", "user": 1, "content_type": 8, "object_id": "28", "object_repr": "shot id: 28", "action_flag": 2, "change_message": "[{\"changed\": {\"fields\": [\"thumbnail\", \"uri\"]}}]"}}, {"model": "admin.logentry", "pk": 108, "fields": {"action_time": "2019-07-10T07:47:12.977Z", "user": 1, "content_type": 8, "object_id": "29", "object_repr": "shot id: 29", "action_flag": 2, "change_message": "[{\"changed\": {\"fields\": [\"thumbnail\", \"uri\"]}}]"}}, {"model": "admin.logentry", "pk": 109, "fields": {"action_time": "2019-07-10T07:47:22.042Z", "user": 1, "content_type": 8, "object_id": "30", "object_repr": "shot id: 30", "action_flag": 2, "change_message": "[{\"changed\": {\"fields\": [\"thumbnail\", \"uri\"]}}]"}}, {"model": "admin.logentry", "pk": 110, "fields": {"action_time": "2019-07-10T08:17:43.897Z", "user": 1, "content_type": 8, "object_id": "1", "object_repr": "shot id: 1", "action_flag": 2, "change_message": "[{\"changed\": {\"fields\": [\"thumbnail\", \"uri\"]}}]"}}, {"model": "admin.logentry", "pk": 111, "fields": {"action_time": "2019-07-10T08:17:49.027Z", "user": 1, "content_type": 8, "object_id": "1", "object_repr": "shot id: 1", "action_flag": 2, "change_message": "[]"}}, {"model": "admin.logentry", "pk": 112, "fields": {"action_time": "2019-07-12T14:40:39.685Z", "user": 1, "content_type": 8, "object_id": "1", "object_repr": "shot id: 1", "action_flag": 2, "change_message": "[{\"changed\": {\"fields\": [\"thumbnail\", \"uri\"]}}]"}}, {"model": "admin.logentry", "pk": 113, "fields": {"action_time": "2019-07-12T14:41:44.328Z", "user": 1, "content_type": 8, "object_id": "2", "object_repr": "shot id: 2", "action_flag": 2, "change_message": "[{\"changed\": {\"fields\": [\"thumbnail\", \"uri\"]}}]"}}, {"model": "admin.logentry", "pk": 114, "fields": {"action_time": "2019-07-12T14:41:51.467Z", "user": 1, "content_type": 8, "object_id": "3", "object_repr": "shot id: 3", "action_flag": 2, "change_message": "[{\"changed\": {\"fields\": [\"thumbnail\", \"uri\"]}}]"}}, {"model": "admin.logentry", "pk": 115, "fields": {"action_time": "2019-07-12T14:41:59.425Z", "user": 1, "content_type": 8, "object_id": "4", "object_repr": "shot id: 4", "action_flag": 2, "change_message": "[{\"changed\": {\"fields\": [\"thumbnail\", \"uri\"]}}]"}}, {"model": "admin.logentry", "pk": 116, "fields": {"action_time": "2019-07-12T14:42:06.917Z", "user": 1, "content_type": 8, "object_id": "5", "object_repr": "shot id: 5", "action_flag": 2, "change_message": "[{\"changed\": {\"fields\": [\"thumbnail\", \"uri\"]}}]"}}, {"model": "admin.logentry", "pk": 117, "fields": {"action_time": "2019-07-12T14:42:15.228Z", "user": 1, "content_type": 8, "object_id": "7", "object_repr": "shot id: 7", "action_flag": 2, "change_message": "[{\"changed\": {\"fields\": [\"thumbnail\", \"uri\"]}}]"}}, {"model": "admin.logentry", "pk": 118, "fields": {"action_time": "2019-07-12T14:42:21.868Z", "user": 1, "content_type": 8, "object_id": "8", "object_repr": "shot id: 8", "action_flag": 2, "change_message": "[{\"changed\": {\"fields\": [\"thumbnail\", \"uri\"]}}]"}}, {"model": "admin.logentry", "pk": 119, "fields": {"action_time": "2019-07-12T14:42:28.080Z", "user": 1, "content_type": 8, "object_id": "8", "object_repr": "shot id: 8", "action_flag": 2, "change_message": "[]"}}, {"model": "admin.logentry", "pk": 120, "fields": {"action_time": "2019-07-12T14:42:35.289Z", "user": 1, "content_type": 8, "object_id": "9", "object_repr": "shot id: 9", "action_flag": 2, "change_message": "[{\"changed\": {\"fields\": [\"thumbnail\", \"uri\"]}}]"}}, {"model": "admin.logentry", "pk": 121, "fields": {"action_time": "2019-07-12T14:42:39.802Z", "user": 1, "content_type": 8, "object_id": "9", "object_repr": "shot id: 9", "action_flag": 2, "change_message": "[]"}}, {"model": "admin.logentry", "pk": 122, "fields": {"action_time": "2019-07-12T14:43:05.679Z", "user": 1, "content_type": 8, "object_id": "9", "object_repr": "shot id: 9", "action_flag": 2, "change_message": "[]"}}, {"model": "admin.logentry", "pk": 123, "fields": {"action_time": "2019-07-12T14:43:13.329Z", "user": 1, "content_type": 8, "object_id": "10", "object_repr": "shot id: 10", "action_flag": 2, "change_message": "[{\"changed\": {\"fields\": [\"thumbnail\", \"uri\"]}}]"}}, {"model": "admin.logentry", "pk": 124, "fields": {"action_time": "2019-07-12T14:43:20.356Z", "user": 1, "content_type": 8, "object_id": "11", "object_repr": "shot id: 11", "action_flag": 2, "change_message": "[{\"changed\": {\"fields\": [\"thumbnail\", \"uri\"]}}]"}}, {"model": "admin.logentry", "pk": 125, "fields": {"action_time": "2019-07-12T14:43:35.980Z", "user": 1, "content_type": 8, "object_id": "12", "object_repr": "shot id: 12", "action_flag": 2, "change_message": "[]"}}, {"model": "admin.logentry", "pk": 126, "fields": {"action_time": "2019-07-12T14:43:53.063Z", "user": 1, "content_type": 8, "object_id": "13", "object_repr": "shot id: 13", "action_flag": 2, "change_message": "[{\"changed\": {\"fields\": [\"thumbnail\", \"uri\"]}}]"}}, {"model": "admin.logentry", "pk": 127, "fields": {"action_time": "2019-07-12T14:44:00.698Z", "user": 1, "content_type": 8, "object_id": "12", "object_repr": "shot id: 12", "action_flag": 2, "change_message": "[{\"changed\": {\"fields\": [\"thumbnail\", \"uri\"]}}]"}}, {"model": "admin.logentry", "pk": 128, "fields": {"action_time": "2019-07-12T14:44:08.127Z", "user": 1, "content_type": 8, "object_id": "14", "object_repr": "shot id: 14", "action_flag": 2, "change_message": "[{\"changed\": {\"fields\": [\"thumbnail\", \"uri\"]}}]"}}, {"model": "admin.logentry", "pk": 129, "fields": {"action_time": "2019-07-12T14:44:13.095Z", "user": 1, "content_type": 8, "object_id": "13", "object_repr": "shot id: 13", "action_flag": 2, "change_message": "[]"}}, {"model": "admin.logentry", "pk": 130, "fields": {"action_time": "2019-07-12T14:44:17.261Z", "user": 1, "content_type": 8, "object_id": "14", "object_repr": "shot id: 14", "action_flag": 2, "change_message": "[]"}}, {"model": "admin.logentry", "pk": 131, "fields": {"action_time": "2019-07-12T14:44:24.708Z", "user": 1, "content_type": 8, "object_id": "15", "object_repr": "shot id: 15", "action_flag": 2, "change_message": "[{\"changed\": {\"fields\": [\"thumbnail\", \"uri\"]}}]"}}, {"model": "admin.logentry", "pk": 132, "fields": {"action_time": "2019-07-12T14:44:29.007Z", "user": 1, "content_type": 8, "object_id": "15", "object_repr": "shot id: 15", "action_flag": 2, "change_message": "[]"}}, {"model": "admin.logentry", "pk": 133, "fields": {"action_time": "2019-07-12T14:44:36.093Z", "user": 1, "content_type": 8, "object_id": "16", "object_repr": "shot id: 16", "action_flag": 2, "change_message": "[{\"changed\": {\"fields\": [\"thumbnail\", \"uri\"]}}]"}}, {"model": "admin.logentry", "pk": 134, "fields": {"action_time": "2019-07-12T14:44:42.690Z", "user": 1, "content_type": 8, "object_id": "17", "object_repr": "shot id: 17", "action_flag": 2, "change_message": "[{\"changed\": {\"fields\": [\"thumbnail\", \"uri\"]}}]"}}, {"model": "admin.logentry", "pk": 135, "fields": {"action_time": "2019-07-12T14:44:52.142Z", "user": 1, "content_type": 8, "object_id": "18", "object_repr": "shot id: 18", "action_flag": 2, "change_message": "[{\"changed\": {\"fields\": [\"thumbnail\", \"uri\"]}}]"}}, {"model": "admin.logentry", "pk": 136, "fields": {"action_time": "2019-07-12T14:44:59.813Z", "user": 1, "content_type": 8, "object_id": "19", "object_repr": "shot id: 19", "action_flag": 2, "change_message": "[{\"changed\": {\"fields\": [\"thumbnail\", \"uri\"]}}]"}}, {"model": "admin.logentry", "pk": 137, "fields": {"action_time": "2019-07-12T14:45:06.897Z", "user": 1, "content_type": 8, "object_id": "20", "object_repr": "shot id: 20", "action_flag": 2, "change_message": "[{\"changed\": {\"fields\": [\"thumbnail\", \"uri\"]}}]"}}, {"model": "admin.logentry", "pk": 138, "fields": {"action_time": "2019-07-12T14:45:14.604Z", "user": 1, "content_type": 8, "object_id": "21", "object_repr": "shot id: 21", "action_flag": 2, "change_message": "[{\"changed\": {\"fields\": [\"thumbnail\", \"uri\"]}}]"}}, {"model": "admin.logentry", "pk": 139, "fields": {"action_time": "2019-07-12T14:45:21.474Z", "user": 1, "content_type": 8, "object_id": "22", "object_repr": "shot id: 22", "action_flag": 2, "change_message": "[{\"changed\": {\"fields\": [\"thumbnail\", \"uri\"]}}]"}}, {"model": "admin.logentry", "pk": 140, "fields": {"action_time": "2019-07-12T14:45:28.759Z", "user": 1, "content_type": 8, "object_id": "23", "object_repr": "shot id: 23", "action_flag": 2, "change_message": "[{\"changed\": {\"fields\": [\"thumbnail\", \"uri\"]}}]"}}, {"model": "admin.logentry", "pk": 141, "fields": {"action_time": "2019-07-12T14:45:36.583Z", "user": 1, "content_type": 8, "object_id": "24", "object_repr": "shot id: 24", "action_flag": 2, "change_message": "[{\"changed\": {\"fields\": [\"thumbnail\", \"uri\"]}}]"}}, {"model": "admin.logentry", "pk": 142, "fields": {"action_time": "2019-07-12T14:45:45.221Z", "user": 1, "content_type": 8, "object_id": "25", "object_repr": "shot id: 25", "action_flag": 2, "change_message": "[{\"changed\": {\"fields\": [\"thumbnail\", \"uri\"]}}]"}}, {"model": "admin.logentry", "pk": 143, "fields": {"action_time": "2019-07-12T14:45:53.828Z", "user": 1, "content_type": 8, "object_id": "26", "object_repr": "shot id: 26", "action_flag": 2, "change_message": "[{\"changed\": {\"fields\": [\"thumbnail\", \"uri\"]}}]"}}, {"model": "admin.logentry", "pk": 144, "fields": {"action_time": "2019-07-12T14:46:01.946Z", "user": 1, "content_type": 8, "object_id": "27", "object_repr": "shot id: 27", "action_flag": 2, "change_message": "[{\"changed\": {\"fields\": [\"thumbnail\", \"uri\"]}}]"}}, {"model": "admin.logentry", "pk": 145, "fields": {"action_time": "2019-07-12T14:46:09.613Z", "user": 1, "content_type": 8, "object_id": "28", "object_repr": "shot id: 28", "action_flag": 2, "change_message": "[{\"changed\": {\"fields\": [\"thumbnail\", \"uri\"]}}]"}}, {"model": "admin.logentry", "pk": 146, "fields": {"action_time": "2019-07-12T14:46:18.458Z", "user": 1, "content_type": 8, "object_id": "29", "object_repr": "shot id: 29", "action_flag": 2, "change_message": "[{\"changed\": {\"fields\": [\"thumbnail\", \"uri\"]}}]"}}, {"model": "admin.logentry", "pk": 147, "fields": {"action_time": "2019-07-12T14:46:23.701Z", "user": 1, "content_type": 8, "object_id": "29", "object_repr": "shot id: 29", "action_flag": 2, "change_message": "[]"}}, {"model": "admin.logentry", "pk": 148, "fields": {"action_time": "2019-07-12T14:46:31.787Z", "user": 1, "content_type": 8, "object_id": "30", "object_repr": "shot id: 30", "action_flag": 2, "change_message": "[{\"changed\": {\"fields\": [\"thumbnail\", \"uri\"]}}]"}}, {"model": "admin.logentry", "pk": 149, "fields": {"action_time": "2019-07-12T14:46:44.264Z", "user": 1, "content_type": 8, "object_id": "31", "object_repr": "shot id: 31", "action_flag": 2, "change_message": "[]"}}, {"model": "admin.logentry", "pk": 150, "fields": {"action_time": "2019-07-12T14:47:26.887Z", "user": 1, "content_type": 8, "object_id": "32", "object_repr": "shot id: 32", "action_flag": 2, "change_message": "[]"}}, {"model": "admin.logentry", "pk": 151, "fields": {"action_time": "2019-07-12T14:47:42.532Z", "user": 1, "content_type": 8, "object_id": "7", "object_repr": "shot id: 7", "action_flag": 2, "change_message": "[]"}}, {"model": "admin.logentry", "pk": 152, "fields": {"action_time": "2019-07-12T14:48:49.476Z", "user": 1, "content_type": 8, "object_id": "32", "object_repr": "shot id: 32", "action_flag": 2, "change_message": "[{\"changed\": {\"fields\": [\"thumbnail\", \"uri\"]}}]"}}, {"model": "admin.logentry", "pk": 153, "fields": {"action_time": "2019-07-12T14:50:47.017Z", "user": 1, "content_type": 7, "object_id": "12", "object_repr": "crash videoferracani/test/crash.mp4", "action_flag": 2, "change_message": "[]"}}, {"model": "admin.logentry", "pk": 154, "fields": {"action_time": "2019-07-12T14:50:52.270Z", "user": 1, "content_type": 7, "object_id": "11", "object_repr": "Superquark1 videoferracani/superquark1.mp4", "action_flag": 2, "change_message": "[{\"changed\": {\"fields\": [\"uri\"]}}]"}}, {"model": "admin.logentry", "pk": 155, "fields": {"action_time": "2019-07-12T14:50:57.287Z", "user": 1, "content_type": 7, "object_id": "10", "object_repr": "Superquark2 videoferracani/superquark2.mp4", "action_flag": 2, "change_message": "[{\"changed\": {\"fields\": [\"uri\"]}}]"}}, {"model": "admin.logentry", "pk": 156, "fields": {"action_time": "2019-07-12T14:51:01.924Z", "user": 1, "content_type": 7, "object_id": "9", "object_repr": "PiazzaVaticano videoferracani/piazzaVaticano.mp4", "action_flag": 2, "change_message": "[{\"changed\": {\"fields\": [\"uri\"]}}]"}}, {"model": "admin.logentry", "pk": 157, "fields": {"action_time": "2019-07-12T14:51:06.289Z", "user": 1, "content_type": 7, "object_id": "8", "object_repr": "MuseoRomanticismo videoferracani/museoRomanticismo.mp4", "action_flag": 2, "change_message": "[{\"changed\": {\"fields\": [\"uri\"]}}]"}}, {"model": "admin.logentry", "pk": 158, "fields": {"action_time": "2019-07-12T14:51:10.674Z", "user": 1, "content_type": 7, "object_id": "7", "object_repr": "MuseoFerrari videoferracani/museoFerrari.mp4", "action_flag": 2, "change_message": "[{\"changed\": {\"fields\": [\"uri\"]}}]"}}, {"model": "admin.logentry", "pk": 159, "fields": {"action_time": "2019-07-12T14:51:15.550Z", "user": 1, "content_type": 7, "object_id": "6", "object_repr": "MuseiVaticani videoferracani/Museivaticani.mp4", "action_flag": 2, "change_message": "[{\"changed\": {\"fields\": [\"uri\"]}}]"}}, {"model": "admin.logentry", "pk": 160, "fields": {"action_time": "2019-07-12T14:51:21.729Z", "user": 1, "content_type": 7, "object_id": "5", "object_repr": "GalleriaEstense videoferracani/galleriaEstense.mp4", "action_flag": 2, "change_message": "[{\"changed\": {\"fields\": [\"uri\"]}}]"}}, {"model": "admin.logentry", "pk": 161, "fields": {"action_time": "2019-07-12T14:51:26.154Z", "user": 1, "content_type": 7, "object_id": "4", "object_repr": "MuseoEgizio videoferracani/museoEgizio.mp4", "action_flag": 2, "change_message": "[{\"changed\": {\"fields\": [\"uri\"]}}]"}}, {"model": "admin.logentry", "pk": 162, "fields": {"action_time": "2019-07-12T14:51:32.169Z", "user": 1, "content_type": 7, "object_id": "3", "object_repr": "Pompei videoferracani/Pompei.mp4", "action_flag": 2, "change_message": "[{\"changed\": {\"fields\": [\"uri\"]}}]"}}, {"model": "admin.logentry", "pk": 163, "fields": {"action_time": "2019-07-12T14:51:38.132Z", "user": 1, "content_type": 7, "object_id": "2", "object_repr": "MuseoNapoli videoferracani/museoNapoli.mp4", "action_flag": 2, "change_message": "[{\"changed\": {\"fields\": [\"uri\"]}}]"}}, {"model": "admin.logentry", "pk": 164, "fields": {"action_time": "2019-07-17T15:18:48.711Z", "user": 1, "content_type": 8, "object_id": "6", "object_repr": "shot id: 6", "action_flag": 2, "change_message": "[{\"changed\": {\"fields\": [\"thumbnail\", \"uri\"]}}]"}}, {"model": "admin.logentry", "pk": 165, "fields": {"action_time": "2019-07-17T15:19:12.318Z", "user": 1, "content_type": 8, "object_id": "31", "object_repr": "shot id: 31", "action_flag": 3, "change_message": ""}}, {"model": "admin.logentry", "pk": 166, "fields": {"action_time": "2019-07-17T15:19:24.908Z", "user": 1, "content_type": 7, "object_id": "12", "object_repr": "crash videoferracani/test/crash.mp4", "action_flag": 3, "change_message": ""}}, {"model": "admin.logentry", "pk": 167, "fields": {"action_time": "2019-07-17T15:28:26.003Z", "user": 1, "content_type": 8, "object_id": "6", "object_repr": "shot id: 6", "action_flag": 2, "change_message": "[{\"changed\": {\"fields\": [\"thumbnail\", \"uri\"]}}]"}}, {"model": "admin.logentry", "pk": 168, "fields": {"action_time": "2019-07-17T15:28:58.358Z", "user": 1, "content_type": 7, "object_id": "12", "object_repr": "crash videoferracani/test/crash.mp4", "action_flag": 3, "change_message": ""}}, {"model": "admin.logentry", "pk": 169, "fields": {"action_time": "2019-07-29T22:56:18.809Z", "user": 1, "content_type": 8, "object_id": "1", "object_repr": "shot id: 1", "action_flag": 2, "change_message": "[{\"changed\": {\"fields\": [\"thumbnail\"]}}]"}}, {"model": "admin.logentry", "pk": 170, "fields": {"action_time": "2019-07-29T22:57:02.876Z", "user": 1, "content_type": 8, "object_id": "1", "object_repr": "shot id: 1", "action_flag": 2, "change_message": "[{\"changed\": {\"fields\": [\"thumbnail\"]}}]"}}, {"model": "admin.logentry", "pk": 171, "fields": {"action_time": "2019-07-29T22:58:36.188Z", "user": 1, "content_type": 8, "object_id": "1", "object_repr": "shot id: 1", "action_flag": 2, "change_message": "[{\"changed\": {\"fields\": [\"thumbnail\"]}}]"}}, {"model": "admin.logentry", "pk": 172, "fields": {"action_time": "2019-07-29T23:30:19.036Z", "user": 1, "content_type": 8, "object_id": "1", "object_repr": "shot id: 1", "action_flag": 2, "change_message": "[{\"changed\": {\"fields\": [\"title\"]}}]"}}, {"model": "admin.logentry", "pk": 173, "fields": {"action_time": "2019-07-29T23:31:38.903Z", "user": 1, "content_type": 8, "object_id": "2", "object_repr": "shot id: 2", "action_flag": 2, "change_message": "[{\"changed\": {\"fields\": [\"title\"]}}]"}}, {"model": "admin.logentry", "pk": 174, "fields": {"action_time": "2019-07-29T23:34:15.369Z", "user": 1, "content_type": 8, "object_id": "3", "object_repr": "shot id: 3", "action_flag": 2, "change_message": "[{\"changed\": {\"fields\": [\"title\"]}}]"}}, {"model": "admin.logentry", "pk": 175, "fields": {"action_time": "2019-07-29T23:34:42.022Z", "user": 1, "content_type": 8, "object_id": "4", "object_repr": "shot id: 4", "action_flag": 2, "change_message": "[{\"changed\": {\"fields\": [\"title\"]}}]"}}, {"model": "admin.logentry", "pk": 176, "fields": {"action_time": "2019-07-29T23:34:56.607Z", "user": 1, "content_type": 8, "object_id": "5", "object_repr": "shot id: 5", "action_flag": 2, "change_message": "[{\"changed\": {\"fields\": [\"title\"]}}]"}}, {"model": "admin.logentry", "pk": 177, "fields": {"action_time": "2019-07-29T23:35:08.974Z", "user": 1, "content_type": 8, "object_id": "6", "object_repr": "shot id: 6", "action_flag": 2, "change_message": "[{\"changed\": {\"fields\": [\"title\"]}}]"}}, {"model": "admin.logentry", "pk": 178, "fields": {"action_time": "2019-07-29T23:35:17.521Z", "user": 1, "content_type": 8, "object_id": "7", "object_repr": "shot id: 7", "action_flag": 2, "change_message": "[{\"changed\": {\"fields\": [\"title\"]}}]"}}, {"model": "admin.logentry", "pk": 179, "fields": {"action_time": "2019-07-29T23:35:28.747Z", "user": 1, "content_type": 8, "object_id": "8", "object_repr": "shot id: 8", "action_flag": 2, "change_message": "[{\"changed\": {\"fields\": [\"title\"]}}]"}}, {"model": "admin.logentry", "pk": 180, "fields": {"action_time": "2019-07-29T23:35:39.711Z", "user": 1, "content_type": 8, "object_id": "9", "object_repr": "shot id: 9", "action_flag": 2, "change_message": "[{\"changed\": {\"fields\": [\"title\"]}}]"}}, {"model": "admin.logentry", "pk": 181, "fields": {"action_time": "2019-07-29T23:35:51.851Z", "user": 1, "content_type": 8, "object_id": "10", "object_repr": "shot id: 10", "action_flag": 2, "change_message": "[{\"changed\": {\"fields\": [\"title\"]}}]"}}, {"model": "admin.logentry", "pk": 182, "fields": {"action_time": "2019-07-29T23:35:56.500Z", "user": 1, "content_type": 8, "object_id": "8", "object_repr": "shot id: 8", "action_flag": 2, "change_message": "[]"}}, {"model": "admin.logentry", "pk": 183, "fields": {"action_time": "2019-07-29T23:36:05.156Z", "user": 1, "content_type": 8, "object_id": "11", "object_repr": "shot id: 11", "action_flag": 2, "change_message": "[{\"changed\": {\"fields\": [\"title\"]}}]"}}, {"model": "admin.logentry", "pk": 184, "fields": {"action_time": "2019-07-29T23:36:16.462Z", "user": 1, "content_type": 8, "object_id": "12", "object_repr": "shot id: 12", "action_flag": 2, "change_message": "[{\"changed\": {\"fields\": [\"title\"]}}]"}}, {"model": "admin.logentry", "pk": 185, "fields": {"action_time": "2019-07-29T23:36:21.124Z", "user": 1, "content_type": 8, "object_id": "12", "object_repr": "shot id: 12", "action_flag": 2, "change_message": "[]"}}, {"model": "admin.logentry", "pk": 186, "fields": {"action_time": "2019-07-29T23:36:33.352Z", "user": 1, "content_type": 8, "object_id": "13", "object_repr": "shot id: 13", "action_flag": 2, "change_message": "[{\"changed\": {\"fields\": [\"title\"]}}]"}}, {"model": "admin.logentry", "pk": 187, "fields": {"action_time": "2019-07-29T23:36:41.421Z", "user": 1, "content_type": 8, "object_id": "14", "object_repr": "shot id: 14", "action_flag": 2, "change_message": "[{\"changed\": {\"fields\": [\"title\"]}}]"}}, {"model": "admin.logentry", "pk": 188, "fields": {"action_time": "2019-07-29T23:36:54.703Z", "user": 1, "content_type": 8, "object_id": "15", "object_repr": "shot id: 15", "action_flag": 2, "change_message": "[{\"changed\": {\"fields\": [\"title\"]}}]"}}, {"model": "admin.logentry", "pk": 189, "fields": {"action_time": "2019-07-29T23:37:02.957Z", "user": 1, "content_type": 8, "object_id": "16", "object_repr": "shot id: 16", "action_flag": 2, "change_message": "[{\"changed\": {\"fields\": [\"title\"]}}]"}}, {"model": "admin.logentry", "pk": 190, "fields": {"action_time": "2019-07-29T23:37:13.288Z", "user": 1, "content_type": 8, "object_id": "17", "object_repr": "shot id: 17", "action_flag": 2, "change_message": "[{\"changed\": {\"fields\": [\"title\"]}}]"}}, {"model": "admin.logentry", "pk": 191, "fields": {"action_time": "2019-07-29T23:37:21.880Z", "user": 1, "content_type": 8, "object_id": "18", "object_repr": "shot id: 18", "action_flag": 2, "change_message": "[{\"changed\": {\"fields\": [\"title\"]}}]"}}, {"model": "admin.logentry", "pk": 192, "fields": {"action_time": "2019-07-29T23:37:29.437Z", "user": 1, "content_type": 8, "object_id": "19", "object_repr": "shot id: 19", "action_flag": 2, "change_message": "[{\"changed\": {\"fields\": [\"title\"]}}]"}}, {"model": "admin.logentry", "pk": 193, "fields": {"action_time": "2019-07-29T23:37:44.876Z", "user": 1, "content_type": 8, "object_id": "20", "object_repr": "shot id: 20", "action_flag": 2, "change_message": "[{\"changed\": {\"fields\": [\"title\"]}}]"}}, {"model": "admin.logentry", "pk": 194, "fields": {"action_time": "2019-07-29T23:38:14.836Z", "user": 1, "content_type": 8, "object_id": "21", "object_repr": "shot id: 21", "action_flag": 2, "change_message": "[{\"changed\": {\"fields\": [\"title\"]}}]"}}, {"model": "admin.logentry", "pk": 195, "fields": {"action_time": "2019-07-29T23:39:26.157Z", "user": 1, "content_type": 8, "object_id": "22", "object_repr": "shot id: 22", "action_flag": 2, "change_message": "[{\"changed\": {\"fields\": [\"title\"]}}]"}}, {"model": "admin.logentry", "pk": 196, "fields": {"action_time": "2019-07-29T23:40:03.553Z", "user": 1, "content_type": 8, "object_id": "22", "object_repr": "shot id: 22", "action_flag": 2, "change_message": "[]"}}, {"model": "admin.logentry", "pk": 197, "fields": {"action_time": "2019-07-29T23:40:10.627Z", "user": 1, "content_type": 8, "object_id": "23", "object_repr": "shot id: 23", "action_flag": 2, "change_message": "[{\"changed\": {\"fields\": [\"title\"]}}]"}}, {"model": "admin.logentry", "pk": 198, "fields": {"action_time": "2019-07-29T23:40:19.492Z", "user": 1, "content_type": 8, "object_id": "24", "object_repr": "shot id: 24", "action_flag": 2, "change_message": "[{\"changed\": {\"fields\": [\"title\"]}}]"}}, {"model": "admin.logentry", "pk": 199, "fields": {"action_time": "2019-07-29T23:40:29.216Z", "user": 1, "content_type": 8, "object_id": "17", "object_repr": "shot id: 17", "action_flag": 2, "change_message": "[]"}}, {"model": "admin.logentry", "pk": 200, "fields": {"action_time": "2019-07-29T23:40:42.564Z", "user": 1, "content_type": 8, "object_id": "23", "object_repr": "shot id: 23", "action_flag": 2, "change_message": "[]"}}, {"model": "admin.logentry", "pk": 201, "fields": {"action_time": "2019-07-29T23:41:19.290Z", "user": 1, "content_type": 8, "object_id": "26", "object_repr": "shot id: 26", "action_flag": 2, "change_message": "[]"}}, {"model": "admin.logentry", "pk": 202, "fields": {"action_time": "2019-07-29T23:41:28.870Z", "user": 1, "content_type": 8, "object_id": "26", "object_repr": "shot id: 26", "action_flag": 2, "change_message": "[{\"changed\": {\"fields\": [\"title\"]}}]"}}, {"model": "admin.logentry", "pk": 203, "fields": {"action_time": "2019-07-29T23:41:47.189Z", "user": 1, "content_type": 8, "object_id": "25", "object_repr": "shot id: 25", "action_flag": 2, "change_message": "[{\"changed\": {\"fields\": [\"title\"]}}]"}}, {"model": "admin.logentry", "pk": 204, "fields": {"action_time": "2019-07-29T23:42:10.984Z", "user": 1, "content_type": 8, "object_id": "27", "object_repr": "shot id: 27", "action_flag": 2, "change_message": "[{\"changed\": {\"fields\": [\"title\"]}}]"}}, {"model": "admin.logentry", "pk": 205, "fields": {"action_time": "2019-07-29T23:42:20.321Z", "user": 1, "content_type": 8, "object_id": "28", "object_repr": "shot id: 28", "action_flag": 2, "change_message": "[{\"changed\": {\"fields\": [\"title\"]}}]"}}, {"model": "admin.logentry", "pk": 206, "fields": {"action_time": "2019-07-29T23:42:32.009Z", "user": 1, "content_type": 8, "object_id": "29", "object_repr": "shot id: 29", "action_flag": 2, "change_message": "[{\"changed\": {\"fields\": [\"title\"]}}]"}}, {"model": "admin.logentry", "pk": 207, "fields": {"action_time": "2019-07-29T23:55:15.685Z", "user": 1, "content_type": 8, "object_id": "30", "object_repr": "shot id: 30", "action_flag": 2, "change_message": "[{\"changed\": {\"fields\": [\"title\"]}}]"}}, {"model": "admin.logentry", "pk": 208, "fields": {"action_time": "2019-07-29T23:55:30.152Z", "user": 1, "content_type": 8, "object_id": "32", "object_repr": "shot id: 32", "action_flag": 2, "change_message": "[{\"changed\": {\"fields\": [\"title\"]}}]"}}, {"model": "admin.logentry", "pk": 209, "fields": {"action_time": "2019-08-01T15:11:29.322Z", "user": 1, "content_type": 8, "object_id": "1", "object_repr": "shot id: 1", "action_flag": 2, "change_message": "[{\"changed\": {\"fields\": [\"arousal\", \"valence\"]}}]"}}, {"model": "admin.logentry", "pk": 210, "fields": {"action_time": "2019-08-01T15:11:34.802Z", "user": 1, "content_type": 8, "object_id": "2", "object_repr": "shot id: 2", "action_flag": 2, "change_message": "[{\"changed\": {\"fields\": [\"arousal\"]}}]"}}, {"model": "admin.logentry", "pk": 211, "fields": {"action_time": "2019-08-01T15:11:39.134Z", "user": 1, "content_type": 8, "object_id": "3", "object_repr": "shot id: 3", "action_flag": 2, "change_message": "[]"}}, {"model": "admin.logentry", "pk": 212, "fields": {"action_time": "2019-08-01T15:11:44.460Z", "user": 1, "content_type": 8, "object_id": "4", "object_repr": "shot id: 4", "action_flag": 2, "change_message": "[{\"changed\": {\"fields\": [\"valence\"]}}]"}}, {"model": "admin.logentry", "pk": 213, "fields": {"action_time": "2019-08-01T15:11:48.617Z", "user": 1, "content_type": 8, "object_id": "5", "object_repr": "shot id: 5", "action_flag": 2, "change_message": "[]"}}, {"model": "admin.logentry", "pk": 214, "fields": {"action_time": "2019-08-01T15:11:52.668Z", "user": 1, "content_type": 8, "object_id": "6", "object_repr": "shot id: 6", "action_flag": 2, "change_message": "[]"}}, {"model": "admin.logentry", "pk": 215, "fields": {"action_time": "2019-08-01T15:11:58.685Z", "user": 1, "content_type": 8, "object_id": "7", "object_repr": "shot id: 7", "action_flag": 2, "change_message": "[{\"changed\": {\"fields\": [\"arousal\"]}}]"}}, {"model": "admin.logentry", "pk": 216, "fields": {"action_time": "2019-08-01T15:12:03.971Z", "user": 1, "content_type": 8, "object_id": "8", "object_repr": "shot id: 8", "action_flag": 2, "change_message": "[{\"changed\": {\"fields\": [\"valence\"]}}]"}}, {"model": "admin.logentry", "pk": 217, "fields": {"action_time": "2019-08-01T15:12:09.374Z", "user": 1, "content_type": 8, "object_id": "9", "object_repr": "shot id: 9", "action_flag": 2, "change_message": "[]"}}, {"model": "admin.logentry", "pk": 218, "fields": {"action_time": "2019-08-01T15:12:14.763Z", "user": 1, "content_type": 8, "object_id": "10", "object_repr": "shot id: 10", "action_flag": 2, "change_message": "[{\"changed\": {\"fields\": [\"arousal\", \"valence\"]}}]"}}, {"model": "admin.logentry", "pk": 219, "fields": {"action_time": "2019-08-01T15:12:18.748Z", "user": 1, "content_type": 8, "object_id": "10", "object_repr": "shot id: 10", "action_flag": 2, "change_message": "[]"}}, {"model": "admin.logentry", "pk": 220, "fields": {"action_time": "2019-08-01T15:12:23.621Z", "user": 1, "content_type": 8, "object_id": "11", "object_repr": "shot id: 11", "action_flag": 2, "change_message": "[{\"changed\": {\"fields\": [\"arousal\"]}}]"}}, {"model": "admin.logentry", "pk": 221, "fields": {"action_time": "2019-08-01T15:12:27.646Z", "user": 1, "content_type": 8, "object_id": "12", "object_repr": "shot id: 12", "action_flag": 2, "change_message": "[]"}}, {"model": "admin.logentry", "pk": 222, "fields": {"action_time": "2019-08-01T15:12:33.466Z", "user": 1, "content_type": 8, "object_id": "13", "object_repr": "shot id: 13", "action_flag": 2, "change_message": "[{\"changed\": {\"fields\": [\"valence\"]}}]"}}, {"model": "admin.logentry", "pk": 223, "fields": {"action_time": "2019-08-01T15:12:37.052Z", "user": 1, "content_type": 8, "object_id": "14", "object_repr": "shot id: 14", "action_flag": 2, "change_message": "[]"}}, {"model": "admin.logentry", "pk": 224, "fields": {"action_time": "2019-08-01T15:12:41.271Z", "user": 1, "content_type": 8, "object_id": "15", "object_repr": "shot id: 15", "action_flag": 2, "change_message": "[]"}}, {"model": "admin.logentry", "pk": 225, "fields": {"action_time": "2019-08-01T15:12:46.261Z", "user": 1, "content_type": 8, "object_id": "16", "object_repr": "shot id: 16", "action_flag": 2, "change_message": "[{\"changed\": {\"fields\": [\"arousal\"]}}]"}}, {"model": "admin.logentry", "pk": 226, "fields": {"action_time": "2019-08-01T15:12:51.042Z", "user": 1, "content_type": 8, "object_id": "17", "object_repr": "shot id: 17", "action_flag": 2, "change_message": "[{\"changed\": {\"fields\": [\"valence\"]}}]"}}, {"model": "admin.logentry", "pk": 227, "fields": {"action_time": "2019-08-01T15:12:54.841Z", "user": 1, "content_type": 8, "object_id": "18", "object_repr": "shot id: 18", "action_flag": 2, "change_message": "[]"}}, {"model": "admin.logentry", "pk": 228, "fields": {"action_time": "2019-08-01T15:13:01.102Z", "user": 1, "content_type": 8, "object_id": "19", "object_repr": "shot id: 19", "action_flag": 2, "change_message": "[{\"changed\": {\"fields\": [\"arousal\", \"valence\"]}}]"}}, {"model": "admin.logentry", "pk": 229, "fields": {"action_time": "2019-08-01T15:13:07.277Z", "user": 1, "content_type": 8, "object_id": "20", "object_repr": "shot id: 20", "action_flag": 2, "change_message": "[{\"changed\": {\"fields\": [\"arousal\"]}}]"}}, {"model": "admin.logentry", "pk": 230, "fields": {"action_time": "2019-08-01T15:13:10.781Z", "user": 1, "content_type": 8, "object_id": "20", "object_repr": "shot id: 20", "action_flag": 2, "change_message": "[]"}}, {"model": "admin.logentry", "pk": 231, "fields": {"action_time": "2019-08-01T15:13:14.959Z", "user": 1, "content_type": 8, "object_id": "21", "object_repr": "shot id: 21", "action_flag": 2, "change_message": "[]"}}, {"model": "admin.logentry", "pk": 232, "fields": {"action_time": "2019-08-01T15:13:18.652Z", "user": 1, "content_type": 8, "object_id": "19", "object_repr": "shot id: 19", "action_flag": 2, "change_message": "[]"}}, {"model": "admin.logentry", "pk": 233, "fields": {"action_time": "2019-08-01T15:13:21.880Z", "user": 1, "content_type": 8, "object_id": "20", "object_repr": "shot id: 20", "action_flag": 2, "change_message": "[]"}}, {"model": "admin.logentry", "pk": 234, "fields": {"action_time": "2019-08-01T15:13:26.601Z", "user": 1, "content_type": 8, "object_id": "21", "object_repr": "shot id: 21", "action_flag": 2, "change_message": "[]"}}, {"model": "admin.logentry", "pk": 235, "fields": {"action_time": "2019-08-01T15:13:32.825Z", "user": 1, "content_type": 8, "object_id": "22", "object_repr": "shot id: 22", "action_flag": 2, "change_message": "[{\"changed\": {\"fields\": [\"valence\"]}}]"}}, {"model": "admin.logentry", "pk": 236, "fields": {"action_time": "2019-08-01T15:13:36.785Z", "user": 1, "content_type": 8, "object_id": "23", "object_repr": "shot id: 23", "action_flag": 2, "change_message": "[]"}}, {"model": "admin.logentry", "pk": 237, "fields": {"action_time": "2019-08-01T15:13:40.539Z", "user": 1, "content_type": 8, "object_id": "24", "object_repr": "shot id: 24", "action_flag": 2, "change_message": "[]"}}, {"model": "admin.logentry", "pk": 238, "fields": {"action_time": "2019-08-01T15:13:46.807Z", "user": 1, "content_type": 8, "object_id": "25", "object_repr": "shot id: 25", "action_flag": 2, "change_message": "[{\"changed\": {\"fields\": [\"arousal\"]}}]"}}, {"model": "admin.logentry", "pk": 239, "fields": {"action_time": "2019-08-01T15:13:51.906Z", "user": 1, "content_type": 8, "object_id": "26", "object_repr": "shot id: 26", "action_flag": 2, "change_message": "[{\"changed\": {\"fields\": [\"valence\"]}}]"}}, {"model": "admin.logentry", "pk": 240, "fields": {"action_time": "2019-08-01T15:13:56.314Z", "user": 1, "content_type": 8, "object_id": "27", "object_repr": "shot id: 27", "action_flag": 2, "change_message": "[]"}}, {"model": "admin.logentry", "pk": 241, "fields": {"action_time": "2019-08-01T15:14:01.074Z", "user": 1, "content_type": 8, "object_id": "23", "object_repr": "shot id: 23", "action_flag": 2, "change_message": "[]"}}, {"model": "admin.logentry", "pk": 242, "fields": {"action_time": "2019-08-01T15:14:07.770Z", "user": 1, "content_type": 8, "object_id": "29", "object_repr": "shot id: 29", "action_flag": 2, "change_message": "[{\"changed\": {\"fields\": [\"arousal\"]}}]"}}, {"model": "admin.logentry", "pk": 243, "fields": {"action_time": "2019-08-01T15:14:14.500Z", "user": 1, "content_type": 8, "object_id": "30", "object_repr": "shot id: 30", "action_flag": 2, "change_message": "[]"}}, {"model": "admin.logentry", "pk": 244, "fields": {"action_time": "2019-08-01T15:14:46.416Z", "user": 1, "content_type": 8, "object_id": "32", "object_repr": "shot id: 32", "action_flag": 2, "change_message": "[]"}}, {"model": "admin.logentry", "pk": 245, "fields": {"action_time": "2019-09-11T15:10:08.643Z", "user": 1, "content_type": 8, "object_id": "32", "object_repr": "shot id: 32", "action_flag": 3, "change_message": ""}}, {"model": "admin.logentry", "pk": 246, "fields": {"action_time": "2019-09-11T15:10:14.715Z", "user": 1, "content_type": 8, "object_id": "33", "object_repr": "shot id: 33", "action_flag": 3, "change_message": ""}}, {"model": "admin.logentry", "pk": 247, "fields": {"action_time": "2019-09-11T15:16:39.254Z", "user": 1, "content_type": 8, "object_id": "32", "object_repr": "shot id: 32", "action_flag": 3, "change_message": ""}}, {"model": "admin.logentry", "pk": 248, "fields": {"action_time": "2019-09-11T15:20:44.179Z", "user": 1, "content_type": 7, "object_id": "13", "object_repr": "earth frontend/earth.mp4", "action_flag": 1, "change_message": "[{\"added\": {}}]"}}, {"model": "admin.logentry", "pk": 249, "fields": {"action_time": "2019-09-11T15:21:39.605Z", "user": 1, "content_type": 8, "object_id": "33", "object_repr": "shot id: 33", "action_flag": 1, "change_message": "[{\"added\": {}}]"}}, {"model": "admin.logentry", "pk": 250, "fields": {"action_time": "2019-09-11T15:26:22.128Z", "user": 1, "content_type": 8, "object_id": "33", "object_repr": "shot id: 33", "action_flag": 2, "change_message": "[{\"changed\": {\"fields\": [\"end\"]}}]"}}, {"model": "admin.logentry", "pk": 251, "fields": {"action_time": "2019-09-11T15:26:56.615Z", "user": 1, "content_type": 8, "object_id": "33", "object_repr": "shot id: 33", "action_flag": 2, "change_message": "[]"}}, {"model": "admin.logentry", "pk": 252, "fields": {"action_time": "2019-09-11T15:27:41.142Z", "user": 1, "content_type": 8, "object_id": "33", "object_repr": "shot id: 33", "action_flag": 2, "change_message": "[{\"changed\": {\"fields\": [\"start\"]}}]"}}, {"model": "admin.logentry", "pk": 253, "fields": {"action_time": "2019-09-20T07:55:07.700Z", "user": 1, "content_type": 8, "object_id": "33", "object_repr": "shot id: 33", "action_flag": 2, "change_message": "[{\"changed\": {\"fields\": [\"arousal\", \"valence\"]}}]"}}, {"model": "admin.logentry", "pk": 254, "fields": {"action_time": "2019-09-20T07:55:13.299Z", "user": 1, "content_type": 8, "object_id": "24", "object_repr": "shot id: 24", "action_flag": 2, "change_message": "[]"}}, {"model": "admin.logentry", "pk": 255, "fields": {"action_time": "2019-09-20T07:55:18.404Z", "user": 1, "content_type": 8, "object_id": "25", "object_repr": "shot id: 25", "action_flag": 2, "change_message": "[]"}}, {"model": "admin.logentry", "pk": 256, "fields": {"action_time": "2019-09-20T07:55:21.925Z", "user": 1, "content_type": 8, "object_id": "26", "object_repr": "shot id: 26", "action_flag": 2, "change_message": "[]"}}, {"model": "admin.logentry", "pk": 257, "fields": {"action_time": "2019-09-20T07:55:26.457Z", "user": 1, "content_type": 8, "object_id": "26", "object_repr": "shot id: 26", "action_flag": 2, "change_message": "[]"}}, {"model": "admin.logentry", "pk": 258, "fields": {"action_time": "2019-09-20T07:55:30.102Z", "user": 1, "content_type": 8, "object_id": "27", "object_repr": "shot id: 27", "action_flag": 2, "change_message": "[]"}}, {"model": "admin.logentry", "pk": 259, "fields": {"action_time": "2019-09-20T07:55:37.579Z", "user": 1, "content_type": 8, "object_id": "28", "object_repr": "shot id: 28", "action_flag": 2, "change_message": "[{\"changed\": {\"fields\": [\"arousal\", \"valence\"]}}]"}}, {"model": "admin.logentry", "pk": 260, "fields": {"action_time": "2019-09-26T13:42:59.277Z", "user": 1, "content_type": 8, "object_id": "2", "object_repr": "shot id: 2", "action_flag": 2, "change_message": "[{\"changed\": {\"fields\": [\"title\"]}}]"}}, {"model": "admin.logentry", "pk": 261, "fields": {"action_time": "2019-09-26T13:43:06.353Z", "user": 1, "content_type": 8, "object_id": "3", "object_repr": "shot id: 3", "action_flag": 2, "change_message": "[{\"changed\": {\"fields\": [\"title\"]}}]"}}, {"model": "admin.logentry", "pk": 262, "fields": {"action_time": "2019-09-26T13:43:14.260Z", "user": 1, "content_type": 8, "object_id": "4", "object_repr": "shot id: 4", "action_flag": 2, "change_message": "[{\"changed\": {\"fields\": [\"title\"]}}]"}}, {"model": "admin.logentry", "pk": 263, "fields": {"action_time": "2019-09-26T13:43:22.994Z", "user": 1, "content_type": 8, "object_id": "6", "object_repr": "shot id: 6", "action_flag": 2, "change_message": "[{\"changed\": {\"fields\": [\"title\"]}}]"}}, {"model": "admin.logentry", "pk": 264, "fields": {"action_time": "2019-09-26T13:43:34.937Z", "user": 1, "content_type": 8, "object_id": "7", "object_repr": "shot id: 7", "action_flag": 2, "change_message": "[{\"changed\": {\"fields\": [\"title\"]}}]"}}, {"model": "admin.logentry", "pk": 265, "fields": {"action_time": "2019-09-26T13:43:54.880Z", "user": 1, "content_type": 8, "object_id": "7", "object_repr": "shot id: 7", "action_flag": 2, "change_message": "[]"}}, {"model": "admin.logentry", "pk": 266, "fields": {"action_time": "2019-09-26T13:55:21.154Z", "user": 1, "content_type": 8, "object_id": "8", "object_repr": "shot id: 8", "action_flag": 2, "change_message": "[{\"changed\": {\"fields\": [\"title\"]}}]"}}, {"model": "admin.logentry", "pk": 267, "fields": {"action_time": "2019-09-26T13:59:49.158Z", "user": 1, "content_type": 8, "object_id": "9", "object_repr": "shot id: 9", "action_flag": 2, "change_message": "[{\"changed\": {\"fields\": [\"title\"]}}]"}}, {"model": "admin.logentry", "pk": 268, "fields": {"action_time": "2019-09-26T13:59:56.210Z", "user": 1, "content_type": 8, "object_id": "10", "object_repr": "shot id: 10", "action_flag": 2, "change_message": "[{\"changed\": {\"fields\": [\"title\"]}}]"}}, {"model": "admin.logentry", "pk": 269, "fields": {"action_time": "2019-09-26T14:00:03.117Z", "user": 1, "content_type": 8, "object_id": "11", "object_repr": "shot id: 11", "action_flag": 2, "change_message": "[{\"changed\": {\"fields\": [\"title\"]}}]"}}, {"model": "admin.logentry", "pk": 270, "fields": {"action_time": "2019-09-26T14:00:11.184Z", "user": 1, "content_type": 8, "object_id": "12", "object_repr": "shot id: 12", "action_flag": 2, "change_message": "[{\"changed\": {\"fields\": [\"title\"]}}]"}}, {"model": "admin.logentry", "pk": 271, "fields": {"action_time": "2019-09-26T14:00:15.545Z", "user": 1, "content_type": 8, "object_id": "12", "object_repr": "shot id: 12", "action_flag": 2, "change_message": "[]"}}, {"model": "admin.logentry", "pk": 272, "fields": {"action_time": "2019-09-26T14:00:23.533Z", "user": 1, "content_type": 8, "object_id": "13", "object_repr": "shot id: 13", "action_flag": 2, "change_message": "[{\"changed\": {\"fields\": [\"title\"]}}]"}}, {"model": "admin.logentry", "pk": 273, "fields": {"action_time": "2019-09-26T14:00:32.942Z", "user": 1, "content_type": 8, "object_id": "14", "object_repr": "shot id: 14", "action_flag": 2, "change_message": "[{\"changed\": {\"fields\": [\"title\"]}}]"}}, {"model": "admin.logentry", "pk": 274, "fields": {"action_time": "2019-09-26T14:00:41.245Z", "user": 1, "content_type": 8, "object_id": "15", "object_repr": "shot id: 15", "action_flag": 2, "change_message": "[{\"changed\": {\"fields\": [\"title\"]}}]"}}, {"model": "admin.logentry", "pk": 275, "fields": {"action_time": "2019-09-26T14:00:50.052Z", "user": 1, "content_type": 8, "object_id": "16", "object_repr": "shot id: 16", "action_flag": 2, "change_message": "[{\"changed\": {\"fields\": [\"title\"]}}]"}}, {"model": "admin.logentry", "pk": 276, "fields": {"action_time": "2019-09-26T14:00:59.039Z", "user": 1, "content_type": 8, "object_id": "17", "object_repr": "shot id: 17", "action_flag": 2, "change_message": "[{\"changed\": {\"fields\": [\"title\"]}}]"}}, {"model": "admin.logentry", "pk": 277, "fields": {"action_time": "2019-09-26T14:01:07.134Z", "user": 1, "content_type": 8, "object_id": "18", "object_repr": "shot id: 18", "action_flag": 2, "change_message": "[{\"changed\": {\"fields\": [\"title\"]}}]"}}, {"model": "admin.logentry", "pk": 278, "fields": {"action_time": "2019-09-26T14:01:14.244Z", "user": 1, "content_type": 8, "object_id": "19", "object_repr": "shot id: 19", "action_flag": 2, "change_message": "[{\"changed\": {\"fields\": [\"title\"]}}]"}}, {"model": "admin.logentry", "pk": 279, "fields": {"action_time": "2019-09-26T14:01:22.703Z", "user": 1, "content_type": 8, "object_id": "20", "object_repr": "shot id: 20", "action_flag": 2, "change_message": "[{\"changed\": {\"fields\": [\"title\"]}}]"}}, {"model": "admin.logentry", "pk": 280, "fields": {"action_time": "2019-09-26T14:01:30.676Z", "user": 1, "content_type": 8, "object_id": "21", "object_repr": "shot id: 21", "action_flag": 2, "change_message": "[{\"changed\": {\"fields\": [\"title\"]}}]"}}, {"model": "admin.logentry", "pk": 281, "fields": {"action_time": "2019-09-26T14:01:39.588Z", "user": 1, "content_type": 8, "object_id": "23", "object_repr": "shot id: 23", "action_flag": 2, "change_message": "[{\"changed\": {\"fields\": [\"title\"]}}]"}}, {"model": "admin.logentry", "pk": 282, "fields": {"action_time": "2019-09-26T14:01:47.461Z", "user": 1, "content_type": 8, "object_id": "24", "object_repr": "shot id: 24", "action_flag": 2, "change_message": "[{\"changed\": {\"fields\": [\"title\"]}}]"}}, {"model": "admin.logentry", "pk": 283, "fields": {"action_time": "2019-09-26T14:01:52.539Z", "user": 1, "content_type": 8, "object_id": "23", "object_repr": "shot id: 23", "action_flag": 2, "change_message": "[]"}}, {"model": "admin.logentry", "pk": 284, "fields": {"action_time": "2019-09-26T14:02:29.674Z", "user": 1, "content_type": 8, "object_id": "23", "object_repr": "shot id: 23", "action_flag": 2, "change_message": "[]"}}, {"model": "admin.logentry", "pk": 285, "fields": {"action_time": "2019-09-26T14:02:36.178Z", "user": 1, "content_type": 8, "object_id": "24", "object_repr": "shot id: 24", "action_flag": 2, "change_message": "[]"}}, {"model": "admin.logentry", "pk": 286, "fields": {"action_time": "2019-09-26T14:02:44.621Z", "user": 1, "content_type": 8, "object_id": "25", "object_repr": "shot id: 25", "action_flag": 2, "change_message": "[{\"changed\": {\"fields\": [\"title\"]}}]"}}, {"model": "admin.logentry", "pk": 287, "fields": {"action_time": "2019-09-26T14:02:53.269Z", "user": 1, "content_type": 8, "object_id": "26", "object_repr": "shot id: 26", "action_flag": 2, "change_message": "[{\"changed\": {\"fields\": [\"title\"]}}]"}}, {"model": "admin.logentry", "pk": 288, "fields": {"action_time": "2019-09-26T14:03:01.684Z", "user": 1, "content_type": 8, "object_id": "27", "object_repr": "shot id: 27", "action_flag": 2, "change_message": "[{\"changed\": {\"fields\": [\"title\"]}}]"}}, {"model": "admin.logentry", "pk": 289, "fields": {"action_time": "2019-09-26T14:03:12.883Z", "user": 1, "content_type": 8, "object_id": "28", "object_repr": "shot id: 28", "action_flag": 2, "change_message": "[{\"changed\": {\"fields\": [\"title\"]}}]"}}, {"model": "admin.logentry", "pk": 290, "fields": {"action_time": "2019-09-26T14:03:21.732Z", "user": 1, "content_type": 8, "object_id": "29", "object_repr": "shot id: 29", "action_flag": 2, "change_message": "[{\"changed\": {\"fields\": [\"title\"]}}]"}}, {"model": "admin.logentry", "pk": 291, "fields": {"action_time": "2019-09-26T14:03:30.819Z", "user": 1, "content_type": 8, "object_id": "30", "object_repr": "shot id: 30", "action_flag": 2, "change_message": "[{\"changed\": {\"fields\": [\"title\"]}}]"}}, {"model": "admin.logentry", "pk": 292, "fields": {"action_time": "2019-09-26T14:03:39.402Z", "user": 1, "content_type": 8, "object_id": "33", "object_repr": "shot id: 33", "action_flag": 2, "change_message": "[{\"changed\": {\"fields\": [\"title\"]}}]"}}, {"model": "admin.logentry", "pk": 293, "fields": {"action_time": "2019-09-26T14:04:09.688Z", "user": 1, "content_type": 8, "object_id": "22", "object_repr": "shot id: 22", "action_flag": 2, "change_message": "[{\"changed\": {\"fields\": [\"title\"]}}]"}}, {"model": "admin.logentry", "pk": 294, "fields": {"action_time": "2019-09-30T14:38:49.271Z", "user": 1, "content_type": 10, "object_id": "1", "object_repr": "admin@cultmedia.it", "action_flag": 2, "change_message": "[{\"changed\": {\"fields\": [\"is_approved\"]}}]"}}, {"model": "admin.logentry", "pk": 295, "fields": {"action_time": "2019-09-30T14:46:07.379Z", "user": 1, "content_type": 10, "object_id": "1", "object_repr": "paolobigli@gmail.com", "action_flag": 2, "change_message": "[{\"changed\": {\"fields\": [\"email\"]}}]"}}, {"model": "admin.logentry", "pk": 296, "fields": {"action_time": "2019-09-30T16:12:37.102Z", "user": 1, "content_type": 10, "object_id": "2", "object_repr": "test@cultmedia.it", "action_flag": 3, "change_message": ""}}, {"model": "admin.logentry", "pk": 297, "fields": {"action_time": "2019-09-30T16:12:48.941Z", "user": 1, "content_type": 10, "object_id": "3", "object_repr": "pollo@cult.it", "action_flag": 3, "change_message": ""}}, {"model": "admin.logentry", "pk": 298, "fields": {"action_time": "2019-09-30T16:32:29.075Z", "user": 1, "content_type": 10, "object_id": "4", "object_repr": "provaemail@gmail.com", "action_flag": 3, "change_message": ""}}, {"model": "admin.logentry", "pk": 299, "fields": {"action_time": "2019-09-30T16:32:34.193Z", "user": 1, "content_type": 10, "object_id": "5", "object_repr": "test@gmail.com", "action_flag": 3, "change_message": ""}}, {"model": "admin.logentry", "pk": 300, "fields": {"action_time": "2019-09-30T16:35:13.859Z", "user": 1, "content_type": 10, "object_id": "7", "object_repr": "prova@email.it", "action_flag": 3, "change_message": ""}}, {"model": "admin.logentry", "pk": 301, "fields": {"action_time": "2019-10-02T21:12:31.930Z", "user": 1, "content_type": 7, "object_id": "15", "object_repr": "image.jpg frontend/image.jpg", "action_flag": 3, "change_message": ""}}, {"model": "admin.logentry", "pk": 302, "fields": {"action_time": "2019-10-03T08:18:29.706Z", "user": 1, "content_type": 7, "object_id": "17", "object_repr": "image.jpg videoferracani/image.jpg", "action_flag": 3, "change_message": ""}}, {"model": "admin.logentry", "pk": 303, "fields": {"action_time": "2019-10-03T08:18:35.100Z", "user": 1, "content_type": 7, "object_id": "16", "object_repr": "IMG_0206.jpg videoferracani/IMG_0206.jpg", "action_flag": 3, "change_message": ""}}, {"model": "admin.logentry", "pk": 304, "fields": {"action_time": "2019-10-03T08:22:42.187Z", "user": 1, "content_type": 7, "object_id": "21", "object_repr": "image.jpg videoferracani/image.jpg", "action_flag": 3, "change_message": ""}}, {"model": "admin.logentry", "pk": 305, "fields": {"action_time": "2019-10-03T08:22:45.816Z", "user": 1, "content_type": 7, "object_id": "20", "object_repr": "image.jpg videoferracani/image.jpg", "action_flag": 3, "change_message": ""}}, {"model": "admin.logentry", "pk": 306, "fields": {"action_time": "2019-10-03T08:22:49.573Z", "user": 1, "content_type": 7, "object_id": "19", "object_repr": "image.jpg videoferracani/image.jpg", "action_flag": 3, "change_message": ""}}, {"model": "admin.logentry", "pk": 307, "fields": {"action_time": "2019-10-03T08:22:53.307Z", "user": 1, "content_type": 7, "object_id": "18", "object_repr": "IMG_0206.jpg videoferracani/IMG_0206.jpg", "action_flag": 3, "change_message": ""}}, {"model": "admin.logentry", "pk": 308, "fields": {"action_time": "2019-10-03T09:30:28.473Z", "user": 1, "content_type": 7, "object_id": "25", "object_repr": "cdr.jpg videoferracani/cdr.jpg", "action_flag": 3, "change_message": ""}}, {"model": "admin.logentry", "pk": 309, "fields": {"action_time": "2019-10-03T09:30:35.370Z", "user": 1, "content_type": 7, "object_id": "24", "object_repr": "fronte_doc.pdf videoferracani/fronte_doc.pdf", "action_flag": 3, "change_message": ""}}, {"model": "admin.logentry", "pk": 310, "fields": {"action_time": "2019-10-03T09:30:41.560Z", "user": 1, "content_type": 7, "object_id": "23", "object_repr": "IMG_0206.jpg videoferracani/IMG_0206.jpg", "action_flag": 3, "change_message": ""}}, {"model": "admin.logentry", "pk": 311, "fields": {"action_time": "2019-10-03T09:30:46.026Z", "user": 1, "content_type": 7, "object_id": "22", "object_repr": "image.jpg videoferracani/image.jpg", "action_flag": 3, "change_message": ""}}, {"model": "admin.logentry", "pk": 312, "fields": {"action_time": "2019-10-03T20:09:08.789Z", "user": 1, "content_type": 10, "object_id": "8", "object_repr": "prova@email.it", "action_flag": 3, "change_message": ""}}, {"model": "admin.logentry", "pk": 313, "fields": {"action_time": "2019-10-03T20:09:17.924Z", "user": 1, "content_type": 10, "object_id": "9", "object_repr": "simo@email.it", "action_flag": 3, "change_message": ""}}, {"model": "admin.logentry", "pk": 314, "fields": {"action_time": "2019-10-03T20:09:31.972Z", "user": 1, "content_type": 10, "object_id": "6", "object_repr": "prova@gmail.com", "action_flag": 3, "change_message": ""}}, {"model": "admin.logentry", "pk": 315, "fields": {"action_time": "2019-10-04T07:41:22.348Z", "user": 1, "content_type": 10, "object_id": "2", "object_repr": "test@gmail.com", "action_flag": 2, "change_message": "[{\"changed\": {\"fields\": [\"is_approved\"]}}]"}}, {"model": "admin.logentry", "pk": 316, "fields": {"action_time": "2019-10-04T08:08:36.460Z", "user": 1, "content_type": 10, "object_id": "3", "object_repr": "prova@gmail.com", "action_flag": 3, "change_message": ""}}, {"model": "admin.logentry", "pk": 317, "fields": {"action_time": "2019-10-04T08:08:44.658Z", "user": 1, "content_type": 10, "object_id": "4", "object_repr": "ban@test.it", "action_flag": 2, "change_message": "[{\"changed\": {\"fields\": [\"is_approved\"]}}]"}}, {"model": "admin.logentry", "pk": 318, "fields": {"action_time": "2019-10-04T08:09:34.552Z", "user": 1, "content_type": 10, "object_id": "4", "object_repr": "ban@test.it", "action_flag": 3, "change_message": ""}}, {"model": "admin.logentry", "pk": 319, "fields": {"action_time": "2019-10-04T08:09:39.365Z", "user": 1, "content_type": 10, "object_id": "2", "object_repr": "test@gmail.com", "action_flag": 3, "change_message": ""}}, {"model": "admin.logentry", "pk": 320, "fields": {"action_time": "2019-10-04T09:57:05.803Z", "user": 1, "content_type": 10, "object_id": "5", "object_repr": "test@gmail.com", "action_flag": 2, "change_message": "[{\"changed\": {\"fields\": [\"is_approved\"]}}]"}}, {"model": "admin.logentry", "pk": 321, "fields": {"action_time": "2019-10-05T13:52:40.978Z", "user": 1, "content_type": 10, "object_id": "1", "object_repr": "paolobigli@gmail.com", "action_flag": 2, "change_message": "[]"}}]